punto_id,bloque_espacial,latitud,longitud,dia_juliano,s2_ndvi,s2_ndre,s2_b4_red,s2_b8_nir,uav_ndvi,uav_variabilidad,uav_canopia_pct,soil_arcilla_pct,soil_arena_pct,soil_materia_organica,soil_ph,soil_bulk_density,dosis_nitrogeno_kgha,dosis_fosforo_kgha,dosis_potasio_kgha,densidad_plantas_m2,apsim_rendimiento_sim,rendimiento_real_ton_ha
BARC_P0001,Condado_Sur,39.012046,-76.889905,120,0.6118,0.6407,0.0733,0.3042,0.5961,0.0799,55.54,11.85,44.38,3.22,6.91,1.42,166.8,82.5,99.0,8.21,4.5,9.65
BARC_P0002,Condado_Oeste,39.008107,-76.892089,116,0.8546,0.75,0.0473,0.6032,0.8818,0.0626,83.71,22.73,52.33,2.3,6.2,1.27,181.5,65.0,110.8,6.95,7.43,10.4
BARC_P0003,Condado_Este,39.018395,-76.88046,131,0.8499,0.75,0.0442,0.5453,0.9211,0.0111,88.11,24.75,57.74,3.15,5.66,1.34,185.8,70.1,116.9,8.69,8.42,11.62
BARC_P0004,Condado_Este,39.004471,-76.858891,118,0.7975,0.75,0.0515,0.4574,0.8332,0.0377,79.54,23.71,48.78,2.34,5.38,1.37,180.0,53.8,111.9,7.67,7.17,10.81
BARC_P0005,Condado_Norte,39.011695,-76.870215,126,0.7375,0.75,0.0727,0.4811,0.7911,0.01,76.9,23.2,57.23,2.57,7.03,1.33,189.0,51.1,91.4,8.42,6.88,11.23
BARC_P0006,Condado_Norte,39.002032,-76.886671,133,0.7523,0.7166,0.0579,0.4097,0.764,0.078,75.96,24.24,38.49,3.88,6.71,1.4,205.1,49.6,116.3,6.97,6.53,11.4
BARC_P0007,Condado_Norte,39.049471,-76.866109,116,0.8504,0.75,0.047,0.5817,0.8966,0.0474,86.75,29.63,44.9,3.4,6.44,1.37,192.4,60.0,100.8,7.66,8.86,12.01
BARC_P0008,Condado_Oeste,39.020529,-76.931274,116,0.8102,0.75,0.0623,0.5938,0.84,0.1204,81.61,22.95,45.98,3.19,6.18,1.5,169.9,89.7,107.3,8.37,6.75,11.31
BARC_P0009,Condado_Este,39.009504,-76.859322,128,0.8543,0.75,0.0385,0.4894,0.841,0.0199,73.56,20.84,47.2,3.9,6.14,1.23,161.6,60.2,134.8,7.82,6.09,11.95
BARC_P0010,Condado_Este,39.02321,-76.911315,129,0.785,0.75,0.0652,0.5414,0.8161,0.0144,77.73,22.45,48.59,3.58,5.86,1.34,167.9,69.4,139.1,7.35,6.82,11.31
BARC_P0011,Condado_Norte,39.018315,-76.886524,134,0.7784,0.7436,0.0611,0.4905,0.7637,0.0417,74.47,27.19,52.84,4.36,6.18,1.28,158.1,71.7,93.8,8.59,6.73,11.95
BARC_P0012,Condado_Oeste,39.016685,-76.900154,116,0.7762,0.7026,0.0504,0.3998,0.774,0.2089,76.45,31.77,44.89,2.83,5.34,1.4,192.9,51.9,151.4,7.1,8.04,11.03
BARC_P0013,Condado_Oeste,39.029213,-76.903304,118,0.8295,0.75,0.0424,0.4553,0.8562,0.0991,78.57,20.55,48.97,2.86,6.03,1.22,179.3,59.8,109.8,7.79,7.15,10.95
BARC_P0014,Condado_Norte,39.031363,-76.859105,133,0.8425,0.75,0.0417,0.4879,0.8729,0.0434,80.29,24.54,47.68,2.16,6.24,1.38,155.5,72.5,108.0,8.18,6.16,9.87
BARC_P0015,Condado_Norte,39.012042,-76.888419,123,0.7556,0.7456,0.063,0.4527,0.734,0.0583,67.43,25.86,41.52,2.86,6.7,1.3,198.1,70.1,102.2,9.06,6.45,11.42
BARC_P0016,Condado_Norte,39.011363,-76.873763,121,0.7282,0.7272,0.0734,0.4669,0.7851,0.01,76.73,18.54,47.2,3.97,6.38,1.29,157.7,41.1,121.1,7.52,5.36,10.97
BARC_P0017,Condado_Sur,39.015874,-76.880845,127,0.8252,0.75,0.0454,0.4745,0.8652,0.3337,86.33,24.11,46.99,4.24,6.8,1.23,141.4,72.1,159.6,7.63,6.69,11.58
BARC_P0018,Condado_Sur,38.985471,-76.871413,126,0.7696,0.75,0.0619,0.4751,0.7649,0.0878,71.04,15.94,46.84,3.97,7.07,1.31,164.7,58.4,89.2,7.53,5.66,11.21
BARC_P0019,Condado_Sur,38.997272,-76.878617,117,0.88,0.75,0.0237,0.4831,0.8462,0.0269,84.02,14.27,48.22,1.76,6.93,1.44,144.4,58.7,78.9,7.94,5.82,9.62
BARC_P0020,Condado_Sur,39.040503,-76.903094,127,0.8001,0.7451,0.0462,0.4164,0.8151,0.0705,77.92,26.02,48.53,4.07,6.64,1.35,188.4,69.9,125.4,8.15,7.88,11.62
BARC_P0021,Condado_Este,39.044675,-76.862067,129,0.7781,0.75,0.0545,0.437,0.7825,0.01,73.84,21.89,44.97,1.73,6.41,1.4,143.9,83.3,131.4,8.46,4.81,9.61
BARC_P0022,Condado_Norte,39.016264,-76.888888,128,0.8138,0.75,0.0414,0.4029,0.8378,0.2701,78.74,25.11,56.91,3.92,5.91,1.48,162.1,62.6,121.1,8.25,7.08,11.1
BARC_P0023,Condado_Sur,39.028648,-76.908018,123,0.8587,0.75,0.041,0.5387,0.866,0.0154,85.25,23.9,39.81,2.91,6.77,1.37,188.5,79.1,131.9,7.5,7.27,11.46
BARC_P0024,Condado_Sur,39.024669,-76.887706,127,0.7743,0.7389,0.045,0.3537,0.7241,0.0835,70.09,18.63,42.95,3.76,7.24,1.31,147.2,47.7,97.4,8.29,4.77,11.18
BARC_P0025,Condado_Sur,39.066183,-76.852986,118,0.8049,0.75,0.0594,0.5492,0.8113,0.0225,86.17,23.75,67.46,2.13,6.57,1.39,175.3,66.6,101.1,7.85,6.12,10.32
BARC_P0026,Condado_Oeste,39.036794,-76.864696,122,0.8304,0.75,0.0522,0.5632,0.8397,0.1011,76.36,17.22,40.73,4.14,7.36,1.31,140.7,58.5,122.5,8.25,5.27,11.48
BARC_P0027,Condado_Norte,39.018081,-76.886276,117,0.88,0.75,0.0214,0.4619,0.9222,0.12,89.68,31.65,38.52,2.03,5.64,1.31,171.1,68.4,155.2,8.28,7.15,10.41
BARC_P0028,Condado_Sur,39.005667,-76.886287,116,0.8663,0.75,0.0232,0.3238,0.8619,0.0895,79.76,16.54,53.14,2.67,5.82,1.23,179.2,61.4,131.2,8.78,7.02,10.92
BARC_P0029,Condado_Este,38.995903,-76.885789,133,0.8179,0.7429,0.0459,0.4583,0.8967,0.0763,81.71,22.92,33.46,2.4,6.83,1.42,163.9,48.9,132.1,7.59,7.07,10.35
BARC_P0030,Condado_Norte,39.023052,-76.842619,122,0.77,0.75,0.0619,0.4761,0.7231,0.1784,68.65,18.27,46.35,1.8,6.53,1.32,165.8,54.4,98.5,7.47,5.58,10.09
BARC_P0031,Condado_Este,39.008655,-76.873125,131,0.88,0.75,0.02,0.4194,0.94,0.01,89.85,27.14,63.02,3.28,7.06,1.36,176.1,45.3,128.4,8.07,8.85,11.67
BARC_P0032,Condado_Norte,38.998666,-76.872259,127,0.8087,0.75,0.0475,0.4491,0.8208,0.0321,89.65,22.18,37.19,4.64,6.39,1.27,158.0,49.3,96.4,8.51,6.87,11.63
BARC_P0033,Condado_Norte,39.010301,-76.861455,121,0.8478,0.75,0.0471,0.5718,0.8979,0.0228,84.56,21.15,34.13,5.33,5.97,1.38,187.2,70.8,155.4,7.83,8.62,12.57
BARC_P0034,Condado_Oeste,39.003777,-76.875702,123,0.7454,0.75,0.0758,0.5199,0.7682,0.35,68.46,28.69,37.51,3.28,6.29,1.29,199.3,62.0,99.8,8.55,7.54,11.09
BARC_P0035,Condado_Oeste,39.045307,-76.884663,126,0.7922,0.75,0.0492,0.4245,0.8521,0.0395,82.04,24.16,54.29,4.09,5.63,1.34,141.9,67.8,104.1,8.21,6.08,11.23
BARC_P0036,Condado_Oeste,39.033225,-76.883534,128,0.7269,0.6682,0.0607,0.3841,0.7334,0.1055,61.37,26.84,55.87,3.39,5.84,1.42,209.2,86.8,90.5,7.68,6.86,11.8
BARC_P0037,Condado_Sur,39.01988,-76.881289,128,0.7792,0.715,0.0571,0.4604,0.7608,0.0923,71.91,18.6,44.41,3.6,6.89,1.41,157.4,61.4,121.7,8.14,5.55,10.52
BARC_P0038,Condado_Norte,39.042199,-76.88067,129,0.88,0.75,0.023,0.4672,0.94,0.0191,89.36,16.27,52.78,2.93,6.84,1.35,214.9,72.6,120.9,7.54,7.89,12.37
BARC_P0039,Condado_Este,39.021161,-76.866903,117,0.7691,0.75,0.0665,0.5098,0.7852,0.0218,77.77,24.59,57.73,3.36,6.58,1.21,157.8,65.3,150.3,7.94,5.9,10.86
BARC_P0040,Condado_Sur,39.007081,-76.879065,129,0.7699,0.75,0.0582,0.4479,0.7976,0.0264,79.67,22.25,60.51,3.63,5.54,1.55,182.7,95.0,135.5,7.16,6.05,11.37
BARC_P0041,Condado_Norte,39.042847,-76.866812,133,0.7815,0.75,0.0626,0.5107,0.8448,0.0424,78.24,27.45,46.28,2.74,6.22,1.49,182.6,30.0,104.2,7.76,7.51,11.04
BARC_P0042,Condado_Sur,39.028084,-76.881453,134,0.6792,0.7187,0.1139,0.5961,0.6631,0.0214,62.39,23.56,31.89,3.14,5.79,1.41,155.3,56.4,137.5,8.4,4.5,10.49
BARC_P0043,Condado_Norte,39.004441,-76.878585,128,0.88,0.75,0.0237,0.5289,0.9208,0.01,84.42,25.13,42.25,3.15,6.99,1.29,166.8,72.8,95.1,8.26,6.83,11.17
BARC_P0044,Condado_Oeste,39.017145,-76.915968,122,0.7101,0.6935,0.0809,0.4771,0.7095,0.1692,62.89,15.07,45.01,3.86,6.11,1.34,201.0,56.0,105.6,8.17,6.14,10.82
BARC_P0045,Condado_Norte,39.006866,-76.863506,119,0.8049,0.75,0.0507,0.469,0.8203,0.2696,79.17,34.39,46.19,2.35,5.86,1.31,156.9,71.8,122.4,7.97,6.71,9.85
BARC_P0046,Condado_Este,38.999258,-76.873763,133,0.771,0.75,0.0593,0.4586,0.7935,0.0334,70.29,23.1,46.68,3.16,6.41,1.45,154.6,64.3,97.4,7.9,5.59,10.25
BARC_P0047,Condado_Sur,39.033893,-76.862036,118,0.8205,0.75,0.0543,0.5508,0.788,0.0331,73.2,27.84,55.83,4.73,6.08,1.37,136.2,75.4,141.3,7.04,6.36,11.31
BARC_P0048,Condado_Sur,39.048641,-76.932133,128,0.8019,0.75,0.0486,0.4424,0.7946,0.01,71.51,19.4,56.92,4.13,7.14,1.29,204.2,51.4,160.0,7.68,7.55,12.25
BARC_P0049,Condado_Este,38.999021,-76.842409,130,0.8244,0.75,0.0465,0.4827,0.8917,0.0912,86.91,25.69,46.8,4.28,6.03,1.31,153.0,67.1,114.1,7.91,7.56,11.66
BARC_P0050,Condado_Norte,39.028445,-76.882513,134,0.7792,0.75,0.0599,0.4831,0.8302,0.1396,86.08,16.83,55.69,3.22,5.7,1.44,195.0,70.6,107.0,7.13,7.48,11.85
BARC_P0051,Condado_Oeste,39.01024,-76.860053,120,0.8662,0.7455,0.0322,0.4499,0.8841,0.0127,78.78,26.49,50.5,3.46,5.32,1.48,150.0,66.6,117.4,6.75,6.71,10.32
BARC_P0052,Condado_Este,39.012693,-76.898718,120,0.7143,0.6333,0.0663,0.3977,0.7429,0.0139,63.16,22.04,48.45,4.0,6.38,1.47,194.2,66.8,108.9,8.48,7.59,10.96
BARC_P0053,Condado_Oeste,39.011114,-76.86897,117,0.8221,0.75,0.0488,0.4994,0.8318,0.1249,78.52,24.16,54.35,4.45,6.12,1.41,185.2,79.4,125.2,7.83,8.42,12.31
BARC_P0054,Condado_Oeste,39.00704,-76.898961,129,0.8521,0.75,0.038,0.4763,0.9195,0.0766,87.42,27.84,48.51,1.64,5.69,1.33,159.3,44.8,93.6,7.93,6.51,10.29
BARC_P0055,Condado_Este,39.020728,-76.891228,117,0.8271,0.75,0.0482,0.51,0.8401,0.01,80.69,17.22,62.4,2.15,6.99,1.15,146.6,66.5,126.4,8.13,6.13,9.97
BARC_P0056,Condado_Oeste,39.007536,-76.845547,125,0.7169,0.6977,0.0739,0.448,0.745,0.0779,68.99,20.24,37.93,4.25,6.73,1.37,148.7,50.5,158.2,7.21,5.39,10.73
BARC_P0057,Condado_Norte,39.024057,-76.883432,117,0.8435,0.75,0.047,0.5532,0.9036,0.0296,85.04,26.52,44.39,2.98,6.39,1.35,148.4,74.1,80.0,7.56,5.88,10.66
BARC_P0058,Condado_Norte,39.019246,-76.876086,124,0.7524,0.6898,0.0604,0.4274,0.7452,0.0368,72.27,35.54,47.11,2.66,7.08,1.36,191.6,54.9,96.6,8.7,7.71,11.56
BARC_P0059,Condado_Norte,39.016416,-76.864339,132,0.8595,0.75,0.044,0.5827,0.934,0.1175,92.9,23.24,51.08,2.2,6.73,1.35,169.0,35.3,111.1,7.51,6.5,10.06
BARC_P0060,Condado_Sur,39.006387,-76.871078,115,0.6994,0.6717,0.0664,0.3751,0.6658,0.1333,55.43,27.25,56.88,2.76,5.99,1.24,137.1,74.4,130.8,7.64,4.5,9.32
BARC_P0061,Condado_Sur,39.011348,-76.877292,130,0.7715,0.7445,0.0653,0.5061,0.8485,0.0409,79.13,23.41,47.83,2.08,5.88,1.39,158.7,61.8,137.8,7.4,5.88,10.03
BARC_P0062,Condado_Norte,39.031331,-76.873431,130,0.7202,0.724,0.0827,0.5085,0.7271,0.2352,69.93,34.68,38.04,4.87,6.81,1.4,161.7,69.3,136.2,7.36,7.89,11.74
BARC_P0063,Condado_Oeste,39.027514,-76.836739,124,0.7839,0.7257,0.0524,0.4323,0.7954,0.0417,71.89,14.39,53.9,3.18,6.6,1.4,111.5,82.1,86.2,8.46,4.5,9.9
BARC_P0064,Condado_Sur,39.005337,-76.881037,115,0.772,0.75,0.065,0.5055,0.7259,0.1182,75.88,24.52,53.28,3.15,6.48,1.43,160.1,69.5,106.5,6.31,4.86,9.76
BARC_P0065,Condado_Sur,39.02149,-76.87638,118,0.8158,0.75,0.0565,0.5568,0.8199,0.0529,75.35,15.06,34.41,3.67,5.98,1.4,183.1,67.0,102.0,7.53,6.09,11.35
BARC_P0066,Condado_Este,39.031271,-76.861088,117,0.6467,0.6718,0.0744,0.347,0.6303,0.1823,59.72,10.21,47.97,3.97,6.7,1.32,161.6,64.4,118.7,7.94,5.21,10.92
BARC_P0067,Condado_Norte,38.994959,-76.860101,119,0.8405,0.75,0.0442,0.5102,0.8392,0.1907,81.95,25.64,36.87,3.96,6.02,1.34,171.4,51.2,120.4,8.82,7.44,12.17
BARC_P0068,Condado_Oeste,39.02815,-76.858633,126,0.6663,0.6289,0.0662,0.3304,0.6815,0.01,62.37,24.77,43.35,4.06,6.35,1.36,177.1,62.4,92.6,7.12,6.72,11.66
BARC_P0069,Condado_Norte,39.010061,-76.868503,126,0.7803,0.7285,0.0521,0.4221,0.8338,0.2205,71.83,22.43,41.68,2.7,7.12,1.36,156.4,88.7,111.2,7.02,6.54,9.43
BARC_P0070,Condado_Oeste,39.028559,-76.900574,127,0.8289,0.75,0.054,0.5777,0.8562,0.1397,79.62,23.42,53.66,2.96,6.07,1.43,183.3,60.5,131.6,7.28,7.49,11.6
BARC_P0071,Condado_Este,39.008551,-76.850598,126,0.7752,0.7429,0.0564,0.4451,0.8059,0.1254,80.68,41.04,48.82,3.82,5.61,1.4,201.4,63.1,107.4,8.22,10.62,11.98
BARC_P0072,Condado_Norte,38.992927,-76.900634,130,0.749,0.7049,0.0588,0.4096,0.7306,0.0179,68.06,22.58,39.0,2.78,5.87,1.52,126.9,80.1,116.0,7.88,4.5,9.45
BARC_P0073,Condado_Norte,38.995587,-76.874553,127,0.7957,0.75,0.0533,0.4681,0.7849,0.1308,71.18,26.81,54.16,3.2,6.9,1.53,156.4,46.5,153.9,6.93,6.16,10.61
BARC_P0074,Condado_Oeste,39.020721,-76.893577,119,0.8242,0.75,0.0582,0.6041,0.9071,0.1518,89.88,20.43,37.96,3.52,6.53,1.36,220.0,72.4,159.8,7.86,8.06,12.73
BARC_P0075,Condado_Este,39.023896,-76.881154,118,0.6494,0.6408,0.0787,0.3701,0.6437,0.0273,59.82,25.62,50.31,3.83,6.34,1.15,169.3,45.9,76.8,8.73,5.32,11.45
BARC_P0076,Condado_Este,39.006435,-76.874082,129,0.7132,0.6866,0.0698,0.4169,0.7912,0.2434,73.12,22.69,42.3,1.78,6.15,1.45,164.1,69.8,122.3,7.96,5.25,10.08
BARC_P0077,Condado_Este,39.029579,-76.874216,126,0.7867,0.75,0.068,0.5698,0.7982,0.01,76.42,21.74,45.44,3.77,6.64,1.31,158.5,64.7,160.0,7.9,5.81,11.15
BARC_P0078,Condado_Norte,38.995077,-76.872405,133,0.8494,0.75,0.0482,0.5915,0.8695,0.013,85.68,34.0,51.53,3.01,5.98,1.29,196.9,72.3,129.6,7.93,9.71,12.01
BARC_P0079,Condado_Sur,39.019009,-76.850953,133,0.8383,0.75,0.0417,0.4738,0.8958,0.0617,94.63,30.47,51.65,3.77,6.55,1.32,141.5,52.9,120.4,8.05,7.48,10.98
BARC_P0080,Condado_Norte,39.001835,-76.871836,125,0.7081,0.7056,0.0693,0.4057,0.7726,0.0686,76.71,24.75,57.36,3.82,6.03,1.31,188.2,58.6,146.3,7.04,7.24,11.15
BARC_P0081,Condado_Oeste,39.010222,-76.884395,120,0.7978,0.75,0.0681,0.6058,0.8139,0.0829,81.96,11.33,47.42,4.49,5.95,1.4,158.1,73.0,124.4,7.66,5.62,11.62
BARC_P0082,Condado_Este,39.020711,-76.862646,123,0.7638,0.75,0.0771,0.5757,0.7702,0.01,71.15,22.01,50.15,4.28,6.08,1.23,146.3,58.9,134.2,7.69,5.89,10.99
BARC_P0083,Condado_Sur,39.007094,-76.85859,115,0.8379,0.75,0.0459,0.5207,0.8559,0.2582,77.21,38.87,44.94,4.28,6.21,1.26,159.2,74.1,115.8,7.51,9.22,11.65
BARC_P0084,Condado_Norte,39.014232,-76.902097,126,0.7864,0.743,0.0516,0.4313,0.8183,0.01,77.98,22.73,49.27,4.35,6.38,1.38,163.8,67.5,124.1,8.21,6.67,12.23
BARC_P0085,Condado_Sur,39.035094,-76.869247,128,0.88,0.75,0.0304,0.4771,0.9312,0.0124,88.89,30.07,51.08,3.43,6.52,1.4,152.6,59.7,128.5,7.42,6.78,11.3
BARC_P0086,Condado_Sur,39.011347,-76.867379,120,0.8109,0.75,0.0491,0.4704,0.8311,0.01,74.64,31.93,47.31,3.23,5.2,1.4,192.8,61.2,137.3,7.58,9.37,11.03
BARC_P0087,Condado_Este,39.032535,-76.885356,115,0.7545,0.734,0.0699,0.4999,0.7961,0.0669,74.93,25.2,35.37,3.9,6.0,1.29,146.4,65.0,111.4,7.04,6.16,10.44
BARC_P0088,Condado_Este,39.003054,-76.855237,116,0.8439,0.75,0.048,0.5671,0.9213,0.2154,89.12,19.37,50.32,3.79,6.2,1.27,168.5,62.4,110.8,8.03,7.29,11.47
BARC_P0089,Condado_Oeste,39.027947,-76.882701,125,0.7837,0.75,0.0646,0.5328,0.817,0.0877,79.06,10.61,50.55,2.95,7.15,1.31,178.4,73.8,81.5,8.37,6.42,11.11
BARC_P0090,Condado_Sur,39.041624,-76.87774,117,0.7769,0.746,0.0521,0.4154,0.8078,0.1384,78.76,27.76,43.24,3.52,5.86,1.37,168.2,60.5,112.3,7.58,6.98,10.44
BARC_P0091,Condado_Norte,38.982925,-76.883115,124,0.8077,0.75,0.0599,0.5626,0.7745,0.01,74.74,19.52,39.01,3.17,6.48,1.47,184.3,58.1,139.1,8.28,6.55,10.87
BARC_P0092,Condado_Este,39.008047,-76.87972,120,0.8592,0.75,0.0378,0.4988,0.7871,0.0625,72.75,24.97,58.33,2.52,7.15,1.19,154.2,75.9,129.3,7.71,5.87,9.79
BARC_P0093,Condado_Este,39.028656,-76.899733,120,0.8051,0.75,0.0563,0.5212,0.8387,0.0492,77.62,17.13,51.44,4.23,5.74,1.33,180.6,59.9,100.1,6.28,7.46,11.87
BARC_P0094,Condado_Este,39.016954,-76.905921,134,0.88,0.75,0.02,0.568,0.8967,0.0553,80.39,22.54,46.4,3.24,6.6,1.24,181.3,58.5,81.9,7.77,7.0,11.38
BARC_P0095,Condado_Este,39.025567,-76.851299,116,0.7757,0.7183,0.0522,0.4133,0.7777,0.01,81.02,24.19,40.04,4.84,6.0,1.22,189.2,35.2,117.2,7.69,7.75,12.75
BARC_P0096,Condado_Sur,39.01094,-76.895245,124,0.8798,0.75,0.0305,0.4779,0.9084,0.0923,86.35,25.48,42.25,1.9,6.15,1.43,117.9,52.5,138.5,7.86,5.12,9.34
BARC_P0097,Condado_Sur,39.021299,-76.897845,120,0.7195,0.6957,0.0731,0.4481,0.7374,0.056,69.16,17.87,57.12,2.75,6.0,1.39,177.7,54.9,110.4,7.95,5.87,10.24
BARC_P0098,Condado_Sur,39.017665,-76.918761,131,0.7054,0.6763,0.0667,0.3859,0.7649,0.1159,68.95,30.58,48.96,3.23,6.03,1.39,187.5,58.5,91.1,7.39,7.81,10.66
BARC_P0099,Condado_Norte,39.037517,-76.891501,128,0.7797,0.7468,0.062,0.5008,0.8027,0.0531,88.0,20.72,44.15,4.11,7.76,1.42,154.7,56.3,108.2,8.68,5.72,11.13
BARC_P0100,Condado_Norte,39.023816,-76.903816,119,0.7803,0.75,0.0778,0.6307,0.7742,0.0129,69.26,14.79,51.57,3.52,6.82,1.31,151.3,76.8,126.5,7.76,4.97,11.62
BARC_P0101,Condado_Norte,39.025064,-76.850444,131,0.8013,0.7003,0.0408,0.3696,0.856,0.0836,79.6,23.4,42.3,3.45,6.95,1.32,147.5,55.7,144.8,7.68,5.21,11.14
BARC_P0102,Condado_Este,39.013822,-76.861823,116,0.7096,0.7143,0.0812,0.4781,0.722,0.0151,70.25,24.19,58.51,2.3,6.65,1.52,139.2,56.6,114.9,8.25,4.8,9.68
BARC_P0103,Condado_Sur,39.012686,-76.892387,123,0.7651,0.75,0.069,0.5184,0.8036,0.1647,78.74,24.88,57.47,2.27,5.6,1.33,181.6,66.9,141.1,7.81,6.91,9.84
BARC_P0104,Condado_Sur,39.013512,-76.839456,126,0.809,0.75,0.0515,0.4874,0.8123,0.076,81.0,31.49,44.73,3.46,6.6,1.41,220.0,51.8,138.9,9.34,9.04,12.4
BARC_P0105,Condado_Oeste,39.025917,-76.862328,133,0.7358,0.75,0.072,0.4732,0.733,0.0137,76.87,22.7,43.6,2.11,6.94,1.35,151.1,83.8,96.5,7.67,5.22,9.04
BARC_P0106,Condado_Norte,39.013685,-76.885847,121,0.8256,0.7435,0.0384,0.402,0.8486,0.2623,82.64,23.34,29.67,2.77,5.97,1.2,153.3,74.6,145.0,8.01,4.69,10.5
BARC_P0107,Condado_Sur,39.024347,-76.924989,123,0.8411,0.75,0.0426,0.494,0.8615,0.0584,77.62,17.93,37.63,3.6,6.88,1.19,165.4,51.0,125.9,7.35,6.75,10.81
BARC_P0108,Condado_Este,39.051131,-76.838763,130,0.8091,0.75,0.0459,0.4346,0.8458,0.01,79.33,28.51,38.62,2.41,6.75,1.3,125.0,77.2,95.9,8.32,4.5,9.52
BARC_P0109,Condado_Norte,39.033067,-76.905012,134,0.7621,0.7408,0.0471,0.3486,0.7727,0.0789,74.64,25.01,48.95,4.48,7.33,1.43,147.6,79.7,155.2,7.99,5.5,11.1
BARC_P0110,Condado_Norte,39.01511,-76.909617,125,0.8675,0.75,0.0392,0.5517,0.8232,0.0234,86.48,21.69,45.72,4.18,6.19,1.41,163.6,51.3,117.5,7.6,5.84,11.46
BARC_P0111,Condado_Sur,39.038018,-76.861594,126,0.7599,0.75,0.0733,0.5375,0.7647,0.1302,67.06,13.52,38.58,1.94,5.85,1.42,142.7,51.0,81.1,7.28,4.5,9.1
BARC_P0112,Condado_Norte,39.013879,-76.836084,129,0.8086,0.7398,0.0511,0.4831,0.8564,0.1362,86.17,31.94,46.03,2.45,6.22,1.27,194.9,57.7,105.9,7.01,8.32,10.54
BARC_P0113,Condado_Oeste,38.989428,-76.855083,132,0.7824,0.75,0.0603,0.4937,0.792,0.3089,75.96,17.25,51.54,1.37,7.12,1.48,132.7,48.0,101.0,8.05,4.59,9.38
BARC_P0114,Condado_Oeste,39.004879,-76.86985,133,0.8428,0.75,0.0464,0.5445,0.8542,0.0558,84.5,20.75,51.69,2.57,5.49,1.27,187.5,55.6,106.4,6.97,6.86,10.84
BARC_P0115,Condado_Este,38.991938,-76.869294,130,0.88,0.75,0.0277,0.4935,0.9345,0.0486,88.37,25.97,34.7,3.81,5.37,1.37,201.7,60.2,111.1,8.59,8.98,12.29
BARC_P0116,Condado_Oeste,39.014727,-76.864639,129,0.8009,0.75,0.0591,0.5342,0.796,0.112,72.25,17.42,47.1,2.87,6.44,1.35,174.5,71.0,114.9,7.04,6.02,10.55
BARC_P0117,Condado_Oeste,39.020276,-76.866339,119,0.88,0.75,0.0263,0.4622,0.846,0.0114,83.37,15.79,38.32,3.57,6.18,1.34,161.6,66.0,114.1,7.69,6.65,10.87
BARC_P0118,Condado_Norte,39.045147,-76.874939,125,0.8238,0.75,0.054,0.5587,0.8382,0.0633,82.25,12.32,54.31,1.98,6.4,1.46,171.2,63.2,118.1,7.27,7.12,9.72
BARC_P0119,Condado_Oeste,39.024904,-76.878124,129,0.8708,0.75,0.0345,0.4992,0.8739,0.0632,86.91,27.97,53.49,3.84,6.87,1.29,154.0,59.2,131.7,7.82,7.09,11.53
BARC_P0120,Condado_Sur,39.016713,-76.881127,132,0.7058,0.7114,0.0848,0.4916,0.6919,0.01,65.68,21.0,41.71,2.76,6.12,1.24,114.1,49.3,105.1,7.82,4.5,9.36
BARC_P0121,Condado_Oeste,39.032441,-76.893571,127,0.7093,0.6743,0.0687,0.4038,0.7232,0.0433,66.3,40.1,42.64,3.21,5.46,1.35,140.5,72.1,143.6,8.07,6.84,9.8
BARC_P0122,Condado_Oeste,38.986833,-76.885052,118,0.7956,0.7394,0.0566,0.4972,0.8328,0.1535,72.89,18.53,44.77,3.13,7.42,1.32,164.7,71.8,95.5,6.88,6.36,10.04
BARC_P0123,Condado_Sur,39.023534,-76.910473,131,0.7065,0.7121,0.074,0.4301,0.7262,0.1551,72.27,18.93,32.23,2.18,5.9,1.55,141.5,57.6,132.3,7.34,5.35,9.11
BARC_P0124,Condado_Norte,39.031563,-76.88177,118,0.8252,0.75,0.0423,0.4417,0.8559,0.01,83.01,20.89,50.35,2.28,5.87,1.4,154.7,51.8,152.9,8.38,5.89,10.4
BARC_P0125,Condado_Norte,38.997821,-76.897795,130,0.7444,0.7324,0.0632,0.4311,0.8279,0.01,74.79,25.34,46.09,3.97,6.95,1.32,177.0,83.7,116.5,8.2,6.83,11.58
BARC_P0126,Condado_Sur,39.037156,-76.899865,129,0.7553,0.7188,0.058,0.416,0.7633,0.0244,70.36,21.41,54.79,3.52,6.21,1.27,168.6,68.0,123.9,6.3,5.39,10.73
BARC_P0127,Condado_Oeste,39.025077,-76.876762,128,0.8231,0.75,0.059,0.6075,0.8528,0.1662,79.15,27.37,40.31,4.04,6.37,1.2,191.5,69.8,100.6,8.03,8.56,12.44
BARC_P0128,Condado_Oeste,39.013771,-76.854944,126,0.7663,0.75,0.0741,0.5599,0.7685,0.011,67.07,18.62,43.67,3.46,6.64,1.27,172.4,70.3,109.8,7.18,6.3,10.57
BARC_P0129,Condado_Norte,39.029492,-76.86347,117,0.8004,0.75,0.066,0.5952,0.7908,0.1018,71.85,16.4,37.45,3.31,6.94,1.36,173.8,50.6,151.4,7.44,5.93,11.32
BARC_P0130,Condado_Sur,39.05406,-76.908269,124,0.7453,0.7175,0.0593,0.4066,0.7449,0.01,66.23,14.11,40.97,1.82,6.23,1.46,147.2,83.0,135.0,7.66,4.82,9.53
BARC_P0131,Condado_Sur,39.022728,-76.897813,122,0.88,0.75,0.0302,0.4843,0.8832,0.0781,82.26,11.77,39.73,2.98,7.16,1.44,131.7,60.2,128.4,8.73,4.93,11.39
BARC_P0132,Condado_Norte,39.023723,-76.863066,120,0.8167,0.75,0.0406,0.4024,0.8493,0.0352,77.73,21.15,54.97,3.18,5.33,1.37,154.7,74.9,81.2,7.17,5.83,11.12
BARC_P0133,Condado_Norte,39.01311,-76.897685,128,0.7836,0.7497,0.0532,0.4383,0.8859,0.1244,77.65,22.34,43.11,4.76,6.78,1.32,146.8,82.5,105.7,6.96,7.33,11.36
BARC_P0134,Condado_Sur,39.007252,-76.884043,131,0.7656,0.75,0.0564,0.4249,0.7606,0.0213,80.35,20.53,48.87,3.75,5.98,1.37,160.8,66.0,154.8,8.07,5.77,11.47
BARC_P0135,Condado_Oeste,39.032455,-76.870099,133,0.8716,0.75,0.038,0.5544,0.877,0.0816,88.32,30.84,45.33,4.43,7.09,1.31,138.3,50.8,128.2,7.78,7.07,11.86
BARC_P0136,Condado_Sur,39.007159,-76.89743,130,0.6669,0.6726,0.0912,0.4562,0.6847,0.0215,61.93,30.75,39.11,3.68,6.47,1.49,186.1,35.1,130.7,8.52,7.48,11.17
BARC_P0137,Condado_Sur,39.021073,-76.878103,129,0.75,0.75,0.0777,0.5441,0.7838,0.1,75.55,22.16,46.82,2.63,6.06,1.33,146.7,64.5,123.4,7.59,5.31,10.05
BARC_P0138,Condado_Este,39.012835,-76.904012,129,0.7793,0.75,0.064,0.5162,0.8085,0.1655,78.48,14.13,52.19,3.29,6.73,1.34,155.9,68.0,107.7,8.53,5.86,10.28
BARC_P0139,Condado_Sur,39.027185,-76.890825,115,0.8337,0.75,0.0561,0.6182,0.8986,0.0108,90.13,20.88,39.55,3.39,6.85,1.17,164.5,58.0,126.7,7.81,7.22,10.53
BARC_P0140,Condado_Oeste,39.025005,-76.874244,126,0.7661,0.736,0.0518,0.3912,0.7012,0.1611,63.34,20.7,53.66,2.45,6.72,1.33,193.1,66.6,89.4,8.12,6.12,9.82
BARC_P0141,Condado_Oeste,39.035563,-76.908674,124,0.8634,0.75,0.0407,0.5556,0.7999,0.072,80.36,20.39,42.05,2.89,5.89,1.42,209.0,70.2,87.9,8.77,7.53,11.82
BARC_P0142,Condado_Norte,39.01235,-76.872071,128,0.8143,0.75,0.0562,0.5488,0.817,0.0109,75.42,20.16,44.62,3.04,6.16,1.26,210.7,76.9,105.3,7.7,7.66,11.67
BARC_P0143,Condado_Sur,39.015952,-76.880353,124,0.755,0.7457,0.0589,0.4216,0.8134,0.0446,71.93,20.41,51.71,4.48,6.4,1.29,133.0,62.3,123.8,8.43,5.25,11.4
BARC_P0144,Condado_Sur,39.005319,-76.870055,124,0.8739,0.75,0.0364,0.5404,0.8391,0.014,82.61,21.87,43.36,1.54,6.38,1.41,155.7,64.5,88.6,7.43,5.54,9.95
BARC_P0145,Condado_Sur,39.013336,-76.87597,134,0.7857,0.75,0.06,0.5002,0.7005,0.0964,71.71,20.5,48.26,4.16,6.77,1.23,150.9,62.9,122.5,7.94,4.99,11.42
BARC_P0146,Condado_Norte,39.02566,-76.855445,125,0.797,0.75,0.0527,0.4664,0.837,0.1138,89.87,25.15,45.8,2.45,5.39,1.43,174.3,65.4,100.1,6.93,7.12,9.51
BARC_P0147,Condado_Este,39.031355,-76.877746,130,0.88,0.75,0.0264,0.4306,0.9085,0.01,81.51,25.98,48.91,2.1,6.57,1.31,172.7,58.8,102.8,7.5,7.46,10.24
BARC_P0148,Condado_Sur,39.006168,-76.887729,123,0.8242,0.75,0.0421,0.4369,0.8061,0.0564,79.37,18.99,31.33,4.14,6.26,1.32,150.4,58.8,146.0,7.17,6.19,10.73
BARC_P0149,Condado_Norte,39.033044,-76.877799,129,0.8503,0.75,0.0488,0.603,0.8358,0.1348,77.76,30.99,35.19,3.79,5.98,1.26,148.5,59.5,120.7,8.53,6.8,11.49
BARC_P0150,Condado_Norte,39.040335,-76.870221,128,0.7042,0.7219,0.0833,0.48,0.6903,0.2201,68.71,18.61,52.31,4.2,6.03,1.38,140.1,66.9,101.9,8.84,4.73,11.09
BARC_P0151,Condado_Oeste,39.026202,-76.879121,133,0.7854,0.7386,0.0633,0.5269,0.8092,0.0576,70.99,15.1,55.26,3.84,6.29,1.55,98.6,54.8,123.7,7.59,4.5,9.71
BARC_P0152,Condado_Norte,39.048152,-76.879269,123,0.8504,0.7456,0.035,0.4325,0.8485,0.2401,75.56,26.09,41.63,4.85,5.2,1.41,132.5,59.6,90.6,7.34,6.52,12.08
BARC_P0153,Condado_Norte,39.008393,-76.892636,118,0.7486,0.75,0.0623,0.4332,0.7859,0.0614,71.55,19.5,46.29,3.65,6.05,1.28,186.7,86.7,127.6,7.01,7.15,11.24
BARC_P0154,Condado_Sur,39.00133,-76.891932,121,0.88,0.75,0.0318,0.5449,0.8001,0.0401,76.32,25.77,50.06,3.07,5.96,1.44,201.6,75.8,142.1,7.96,7.56,11.24
BARC_P0155,Condado_Oeste,38.993319,-76.905247,122,0.697,0.673,0.0712,0.399,0.687,0.1508,62.7,10.78,52.85,3.47,6.67,1.32,198.7,53.5,133.2,7.44,6.23,10.9
BARC_P0156,Condado_Norte,39.042441,-76.848508,122,0.8094,0.75,0.0479,0.4551,0.79,0.0543,77.69,31.66,33.81,4.19,6.0,1.46,187.7,75.4,160.0,7.47,8.72,12.46
BARC_P0157,Condado_Este,39.029815,-76.90239,133,0.7999,0.7489,0.0536,0.482,0.8109,0.0511,81.14,27.7,41.8,2.58,6.29,1.41,139.7,72.5,81.2,8.78,4.88,10.57
BARC_P0158,Condado_Este,39.019166,-76.892472,129,0.7333,0.7051,0.0749,0.4867,0.7345,0.0539,72.17,15.75,45.67,2.68,7.17,1.15,135.5,63.8,122.5,7.62,4.51,9.41
BARC_P0159,Condado_Norte,39.0242,-76.892931,130,0.8586,0.75,0.0357,0.4693,0.9066,0.1501,92.6,15.87,52.92,2.95,6.9,1.27,119.7,56.5,93.1,8.15,4.51,9.87
BARC_P0160,Condado_Este,39.003118,-76.863891,123,0.8734,0.75,0.034,0.5037,0.8283,0.1427,80.35,33.2,65.49,1.52,6.85,1.43,150.4,55.1,116.5,7.83,5.63,8.97
BARC_P0161,Condado_Sur,39.056686,-76.885309,126,0.8371,0.75,0.0462,0.5216,0.8587,0.0413,76.71,19.94,46.4,3.31,6.15,1.36,167.2,67.7,120.0,6.99,5.99,10.64
BARC_P0162,Condado_Este,39.021938,-76.857541,130,0.7626,0.75,0.0706,0.5241,0.8022,0.0324,81.66,19.41,38.15,1.69,6.67,1.27,139.8,54.8,160.0,6.69,4.71,8.95
BARC_P0163,Condado_Este,39.021641,-76.892123,118,0.8578,0.75,0.0322,0.4209,0.94,0.0542,86.88,11.54,50.82,3.24,6.28,1.3,175.8,78.2,118.8,8.09,7.59,11.86
BARC_P0164,Condado_Sur,39.030886,-76.874978,119,0.88,0.75,0.02,0.463,0.8831,0.068,87.54,22.07,57.25,3.89,6.3,1.2,181.3,81.6,118.4,8.82,7.82,11.99
BARC_P0165,Condado_Norte,39.027215,-76.895036,122,0.8392,0.75,0.0482,0.5517,0.8706,0.0218,89.0,22.75,48.76,2.82,6.6,1.34,153.1,64.5,140.1,7.99,6.05,10.88
BARC_P0166,Condado_Oeste,39.023358,-76.841387,115,0.788,0.75,0.0633,0.5337,0.7449,0.1264,72.59,27.94,41.65,4.54,6.1,1.53,131.5,78.7,118.9,8.17,5.65,10.87
BARC_P0167,Condado_Sur,39.008143,-76.901377,120,0.6898,0.664,0.073,0.3976,0.626,0.0533,53.49,16.31,54.71,2.03,7.15,1.41,199.5,60.1,156.6,7.26,5.71,9.33
BARC_P0168,Condado_Norte,39.027072,-76.874423,129,0.825,0.75,0.0481,0.5011,0.8746,0.0325,79.41,15.64,52.64,4.15,6.32,1.53,165.9,56.4,133.4,8.41,6.85,11.48
BARC_P0169,Condado_Norte,39.04823,-76.868592,118,0.7619,0.713,0.0488,0.3613,0.7817,0.01,79.55,26.48,40.82,3.74,6.71,1.42,213.5,78.2,136.6,8.4,7.93,11.63
BARC_P0170,Condado_Este,39.040181,-76.872552,125,0.7395,0.7361,0.0723,0.4828,0.8007,0.0218,75.39,29.54,50.67,1.83,7.13,1.43,167.3,84.0,82.6,7.38,5.71,9.21
BARC_P0171,Condado_Este,39.043898,-76.883335,119,0.88,0.75,0.027,0.5939,0.8519,0.2385,81.25,15.36,54.98,5.37,6.92,1.51,169.1,88.6,159.7,8.13,6.18,12.87
BARC_P0172,Condado_Norte,39.012332,-76.882337,132,0.7918,0.7331,0.0492,0.4231,0.83,0.0291,81.88,29.95,56.27,3.15,5.7,1.38,140.9,69.0,106.9,6.74,5.64,9.61
BARC_P0173,Condado_Sur,39.005156,-76.879211,129,0.7628,0.7204,0.0579,0.4299,0.8482,0.0148,83.36,24.21,47.53,2.5,6.62,1.34,154.4,75.3,119.8,8.23,5.99,10.87
BARC_P0174,Condado_Norte,39.018113,-76.882646,132,0.7899,0.75,0.0617,0.5258,0.8245,0.0494,79.45,30.0,45.49,2.07,6.83,1.43,126.0,68.7,106.9,7.46,5.13,8.8
BARC_P0175,Condado_Este,39.020836,-76.86265,134,0.7822,0.7017,0.0474,0.3874,0.8119,0.0293,76.29,23.61,56.59,3.02,6.85,1.47,131.4,81.8,99.5,7.06,5.0,9.81
BARC_P0176,Condado_Norte,39.036413,-76.840211,127,0.7768,0.7496,0.0555,0.442,0.7971,0.01,74.48,10.13,39.53,3.1,5.84,1.31,183.5,70.2,96.0,8.04,6.93,11.61
BARC_P0177,Condado_Este,38.994613,-76.890035,119,0.88,0.75,0.02,0.5158,0.845,0.0312,83.71,23.16,51.07,3.28,6.07,1.29,157.9,74.7,122.1,6.74,5.84,10.54
BARC_P0178,Condado_Sur,39.042943,-76.904656,115,0.8147,0.75,0.0451,0.4419,0.8821,0.0628,86.02,29.83,38.41,2.96,6.9,1.36,154.4,51.4,80.6,8.01,6.79,10.61
BARC_P0179,Condado_Oeste,39.01763,-76.881589,132,0.7657,0.7444,0.0618,0.4658,0.7644,0.0642,71.58,19.08,55.46,3.71,6.02,1.42,146.5,62.2,115.1,7.12,5.19,10.55
BARC_P0180,Condado_Norte,39.013597,-76.833565,128,0.8574,0.75,0.0403,0.5247,0.8951,0.0353,89.36,21.87,46.19,2.89,6.25,1.41,155.4,74.8,141.2,6.99,6.15,10.18
BARC_P0181,Condado_Sur,39.004818,-76.894466,119,0.8008,0.75,0.0559,0.5053,0.7661,0.0474,72.27,23.03,56.88,1.65,7.19,1.24,193.3,73.7,132.6,7.84,6.46,9.57
BARC_P0182,Condado_Norte,38.995177,-76.850496,120,0.7787,0.75,0.0617,0.496,0.7574,0.2694,68.55,10.0,51.44,3.08,6.38,1.5,168.6,75.8,128.6,7.7,5.81,10.83
BARC_P0183,Condado_Oeste,39.032348,-76.849801,130,0.8043,0.75,0.0499,0.4597,0.8745,0.0379,80.04,33.19,39.44,1.31,6.04,1.3,135.5,66.4,102.1,8.67,5.7,9.07
BARC_P0184,Condado_Oeste,39.0211,-76.889965,126,0.7944,0.75,0.0576,0.5022,0.8022,0.0239,72.29,19.04,57.97,3.48,5.96,1.33,190.8,57.2,88.3,7.03,6.74,11.57
BARC_P0185,Condado_Norte,39.000651,-76.869758,134,0.8419,0.75,0.0406,0.4726,0.9128,0.0223,85.62,26.78,58.86,2.42,6.57,1.28,208.1,64.3,140.8,8.63,8.04,11.9
BARC_P0186,Condado_Este,39.000574,-76.850689,132,0.8144,0.75,0.0519,0.5075,0.8317,0.049,83.95,23.52,54.18,3.33,5.73,1.55,177.4,65.6,111.0,7.12,7.28,11.02
BARC_P0187,Condado_Oeste,39.014963,-76.886824,116,0.7505,0.698,0.0642,0.4502,0.7061,0.114,63.86,30.92,42.67,4.25,6.28,1.37,187.3,67.9,118.3,8.35,7.61,12.21
BARC_P0188,Condado_Este,39.045035,-76.883664,127,0.7821,0.726,0.0574,0.469,0.8333,0.0185,79.92,26.23,45.86,2.44,6.57,1.28,195.5,53.4,116.0,8.46,7.52,10.83
BARC_P0189,Condado_Sur,39.016106,-76.89047,131,0.802,0.75,0.0462,0.4206,0.8014,0.0988,73.51,22.71,49.02,4.05,7.05,1.42,123.6,61.8,133.4,7.99,4.8,11.09
BARC_P0190,Condado_Norte,38.997453,-76.898266,131,0.7823,0.7419,0.0584,0.4779,0.8268,0.01,77.5,19.09,43.07,2.85,6.73,1.41,211.6,63.9,156.9,7.33,7.39,11.56
BARC_P0191,Condado_Norte,39.016314,-76.891687,130,0.7356,0.7299,0.0657,0.4313,0.7564,0.0434,65.82,28.39,59.85,4.6,6.04,1.33,192.5,38.1,149.2,6.89,9.08,11.8
BARC_P0192,Condado_Oeste,39.015909,-76.902031,132,0.88,0.75,0.0243,0.4132,0.846,0.1196,79.49,13.7,49.01,2.91,6.99,1.42,177.2,75.0,73.4,6.63,7.02,10.35
BARC_P0193,Condado_Oeste,38.979547,-76.879386,122,0.7451,0.7357,0.0724,0.4955,0.7708,0.0331,72.45,27.55,29.08,2.53,6.25,1.28,161.9,67.0,113.8,8.91,5.2,10.6
BARC_P0194,Condado_Este,39.019186,-76.89386,117,0.8159,0.75,0.05,0.4928,0.9128,0.0664,88.87,17.96,50.38,3.75,5.78,1.31,131.6,68.2,93.1,7.62,6.0,11.66
BARC_P0195,Condado_Sur,39.016536,-76.875792,131,0.7913,0.75,0.0614,0.527,0.8286,0.0184,79.61,30.89,45.56,2.85,6.31,1.19,156.7,58.8,138.8,7.14,6.65,10.14
BARC_P0196,Condado_Sur,39.030443,-76.908006,132,0.7232,0.7334,0.073,0.4541,0.7412,0.1084,65.62,24.89,47.48,2.53,7.12,1.24,176.2,72.0,120.1,7.11,5.89,9.81
BARC_P0197,Condado_Este,39.047734,-76.874044,120,0.8722,0.75,0.0344,0.5045,0.9299,0.01,92.68,27.54,45.42,2.82,6.48,1.49,137.4,55.0,132.1,7.9,6.25,10.9
BARC_P0198,Condado_Oeste,39.036898,-76.864996,122,0.8408,0.75,0.0444,0.513,0.8682,0.1531,83.32,24.45,53.65,3.16,6.41,1.48,163.3,56.9,112.1,7.56,6.26,10.9
BARC_P0199,Condado_Oeste,39.015967,-76.915887,127,0.8182,0.75,0.0507,0.5067,0.8455,0.0177,81.12,14.36,55.84,4.27,7.22,1.36,135.4,72.5,99.2,6.65,5.88,11.17
BARC_P0200,Condado_Este,39.003402,-76.873267,122,0.8174,0.75,0.0432,0.4305,0.7992,0.166,75.89,19.27,49.98,1.65,5.68,1.48,155.4,69.3,102.6,8.32,5.76,10.1
BARC_P0201,Condado_Este,39.0586,-76.857902,133,0.7157,0.7125,0.081,0.489,0.7439,0.0348,68.6,27.7,45.62,3.22,5.76,1.34,131.2,49.7,89.3,8.0,5.16,9.28
BARC_P0202,Condado_Norte,39.020888,-76.901774,120,0.845,0.75,0.0421,0.5018,0.9013,0.1026,86.49,24.92,47.71,3.7,5.59,1.33,128.6,83.9,94.7,8.9,6.76,11.2
BARC_P0203,Condado_Norte,39.020209,-76.849894,129,0.8229,0.75,0.0467,0.4804,0.8137,0.0308,79.2,30.5,48.14,3.35,6.59,1.35,173.5,55.9,90.5,8.48,7.56,11.27
BARC_P0204,Condado_Oeste,39.019638,-76.872458,124,0.7187,0.6785,0.0581,0.3548,0.7886,0.1891,67.93,26.22,42.38,4.25,6.48,1.34,150.5,63.4,99.3,6.0,6.36,10.22
BARC_P0205,Condado_Este,39.022971,-76.89269,131,0.8596,0.75,0.037,0.4896,0.8764,0.0108,81.1,18.68,52.05,3.14,7.17,1.33,152.9,86.0,98.2,8.65,5.8,10.32
BARC_P0206,Condado_Norte,39.017835,-76.881004,115,0.8517,0.75,0.0491,0.6128,0.8407,0.0157,78.84,19.62,51.22,3.05,6.52,1.44,149.2,40.3,127.9,8.52,5.74,10.18
BARC_P0207,Condado_Norte,39.011395,-76.86995,121,0.7693,0.7422,0.0598,0.4584,0.8242,0.0543,79.33,24.57,58.78,3.67,6.2,1.36,220.0,44.5,127.1,7.36,7.47,12.11
BARC_P0208,Condado_Este,39.011797,-76.878632,127,0.7943,0.7339,0.05,0.4363,0.8043,0.01,81.18,11.27,56.79,3.28,6.4,1.41,180.2,70.3,127.9,7.54,6.62,10.83
BARC_P0209,Condado_Norte,39.019509,-76.870302,117,0.8072,0.75,0.0536,0.5024,0.8538,0.0175,78.02,33.2,43.2,2.89,6.46,1.43,182.9,35.3,143.5,8.05,9.32,10.83
BARC_P0210,Condado_Norte,39.011849,-76.896572,133,0.8276,0.75,0.0471,0.4987,0.8373,0.2303,77.56,26.43,53.74,3.61,5.56,1.38,145.6,40.5,118.4,7.19,6.17,10.68
BARC_P0211,Condado_Este,39.009307,-76.876952,129,0.88,0.75,0.0323,0.5516,0.8979,0.3,83.25,30.75,41.34,2.68,7.76,1.27,177.6,79.1,104.4,7.65,7.67,10.53
BARC_P0212,Condado_Este,39.021596,-76.905447,119,0.7423,0.6952,0.0598,0.4045,0.7796,0.0378,70.86,15.31,52.87,2.71,6.66,1.24,159.3,60.1,160.0,8.4,5.65,10.84
BARC_P0213,Condado_Este,39.016175,-76.882002,125,0.7313,0.75,0.0813,0.5239,0.7614,0.2054,70.95,30.85,44.38,2.78,6.51,1.36,145.4,91.4,138.1,8.11,5.39,9.86
BARC_P0214,Condado_Norte,39.04256,-76.89627,132,0.8063,0.75,0.0553,0.5154,0.7564,0.063,74.95,36.27,40.84,4.28,6.71,1.34,213.2,52.6,123.0,7.4,9.97,12.82
BARC_P0215,Condado_Este,38.980235,-76.89324,117,0.7796,0.7389,0.0584,0.4715,0.7604,0.0251,68.02,16.74,49.96,1.2,6.75,1.36,179.3,61.2,121.7,8.41,6.26,9.51
BARC_P0216,Condado_Norte,39.036373,-76.85775,120,0.7688,0.75,0.0654,0.5003,0.8213,0.097,79.74,28.24,29.28,3.52,6.33,1.35,178.1,71.5,125.8,7.98,8.12,11.17
BARC_P0217,Condado_Sur,39.038691,-76.860356,117,0.8755,0.75,0.036,0.5418,0.8909,0.086,77.83,24.01,35.74,3.23,6.08,1.55,140.7,70.7,116.0,7.96,5.67,10.45
BARC_P0218,Condado_Este,38.988899,-76.869036,119,0.7372,0.7054,0.0805,0.5323,0.7388,0.35,67.95,15.51,46.76,1.86,6.7,1.24,133.2,61.9,122.6,7.49,4.5,9.34
BARC_P0219,Condado_Este,39.01486,-76.899662,123,0.7528,0.7388,0.058,0.4114,0.7252,0.0246,67.58,26.71,48.58,3.45,6.59,1.19,163.6,57.2,130.0,7.8,5.57,10.98
BARC_P0220,Condado_Oeste,39.014428,-76.885695,133,0.7389,0.75,0.0795,0.5292,0.7211,0.0892,75.2,28.58,45.41,3.58,6.0,1.38,150.7,67.8,105.5,7.34,5.56,10.13
BARC_P0221,Condado_Este,38.998887,-76.858164,127,0.8308,0.75,0.044,0.4761,0.78,0.01,73.0,20.69,36.94,3.67,7.11,1.32,180.3,81.5,87.3,6.64,5.88,11.01
BARC_P0222,Condado_Este,39.008333,-76.877449,120,0.7096,0.7075,0.0823,0.4844,0.7261,0.01,60.17,30.41,42.27,1.2,6.55,1.38,182.0,74.2,78.5,7.63,5.35,8.24
BARC_P0223,Condado_Norte,39.003341,-76.838252,125,0.7582,0.7493,0.0666,0.4844,0.7572,0.01,63.94,14.83,50.74,4.29,6.76,1.4,166.6,57.4,137.8,7.73,6.04,11.03
BARC_P0224,Condado_Sur,39.046284,-76.87292,128,0.7631,0.7163,0.0633,0.471,0.7492,0.35,71.31,15.78,52.07,2.61,7.1,1.45,185.7,53.1,88.3,7.88,5.81,10.2
BARC_P0225,Condado_Norte,39.034035,-76.876543,120,0.8082,0.75,0.0585,0.5515,0.8258,0.1297,80.9,24.75,47.89,3.75,6.41,1.23,169.8,56.7,129.3,8.53,7.05,11.37
BARC_P0226,Condado_Norte,39.039073,-76.885564,120,0.8051,0.75,0.0513,0.475,0.8379,0.1236,81.1,24.14,56.1,3.79,6.56,1.31,143.2,49.7,96.9,7.41,5.69,11.33
BARC_P0227,Condado_Oeste,39.030825,-76.877596,131,0.6995,0.7087,0.073,0.4128,0.7927,0.057,75.98,20.06,50.78,2.5,6.81,1.38,160.0,66.8,97.2,7.58,6.18,9.24
BARC_P0228,Condado_Sur,39.003064,-76.882744,125,0.7776,0.7133,0.0571,0.4564,0.7447,0.0285,75.39,28.45,42.77,3.73,6.04,1.41,168.4,74.8,105.6,8.26,6.06,10.65
BARC_P0229,Condado_Oeste,39.012132,-76.867254,129,0.88,0.75,0.0255,0.4907,0.94,0.0131,87.14,26.92,46.04,2.89,6.43,1.53,188.2,64.1,123.9,7.35,8.08,11.43
BARC_P0230,Condado_Este,39.027341,-76.862779,123,0.8708,0.75,0.0382,0.5538,0.9249,0.0268,91.44,28.72,38.18,1.54,6.46,1.43,170.6,85.6,94.2,7.89,7.2,10.09
BARC_P0231,Condado_Oeste,39.001668,-76.894148,131,0.8163,0.75,0.0522,0.5162,0.809,0.0377,70.33,23.32,47.24,4.13,5.92,1.35,150.7,86.3,107.7,7.56,6.23,11.08
BARC_P0232,Condado_Sur,39.030695,-76.903962,121,0.7558,0.7109,0.0596,0.429,0.783,0.1129,70.76,27.31,55.78,2.58,7.56,1.28,189.2,68.7,119.5,7.65,7.22,11.29
BARC_P0233,Condado_Este,39.016395,-76.913052,121,0.8415,0.75,0.0542,0.6291,0.8455,0.0621,73.09,21.55,52.8,2.52,5.7,1.3,174.5,73.4,95.8,8.25,6.83,10.93
BARC_P0234,Condado_Sur,39.014378,-76.870856,115,0.7425,0.7407,0.0733,0.4959,0.769,0.01,71.95,35.3,57.81,2.88,5.75,1.3,203.6,54.2,148.6,7.58,7.48,11.48
BARC_P0235,Condado_Norte,39.030664,-76.899861,122,0.88,0.75,0.0257,0.5565,0.94,0.01,89.11,19.53,45.88,3.42,7.06,1.4,167.2,60.7,85.5,8.27,7.1,11.59
BARC_P0236,Condado_Este,39.026664,-76.918752,119,0.7835,0.75,0.0572,0.4709,0.8247,0.01,78.81,35.58,57.42,3.15,6.76,1.37,139.1,80.3,115.6,6.63,6.69,9.76
BARC_P0237,Condado_Sur,39.014586,-76.873006,133,0.88,0.75,0.0277,0.512,0.9178,0.0423,87.44,24.19,46.65,3.64,5.89,1.24,194.4,58.0,145.5,6.94,8.31,11.54
BARC_P0238,Condado_Norte,39.03739,-76.835126,122,0.7775,0.75,0.0664,0.5304,0.7824,0.2165,70.62,16.43,58.3,2.13,6.7,1.32,150.6,82.8,93.5,6.41,5.14,9.49
BARC_P0239,Condado_Este,39.003784,-76.880109,131,0.8234,0.75,0.0536,0.5531,0.7914,0.0812,74.42,31.52,47.85,2.61,7.13,1.42,172.4,78.4,117.8,7.1,6.66,10.46
BARC_P0240,Condado_Norte,39.029239,-76.864907,133,0.7973,0.75,0.0613,0.5434,0.81,0.1295,70.96,24.69,52.95,3.11,6.38,1.38,169.6,74.0,122.7,8.91,6.85,11.15
BARC_P0241,Condado_Oeste,39.028897,-76.878527,126,0.8536,0.75,0.042,0.5323,0.9158,0.0502,92.46,28.68,58.33,4.72,7.7,1.4,166.1,50.9,103.9,7.79,8.55,12.51
BARC_P0242,Condado_Oeste,39.015357,-76.88178,129,0.7228,0.706,0.0742,0.4611,0.6893,0.0359,64.27,30.73,46.65,3.11,5.54,1.38,160.8,61.3,118.5,7.37,5.14,10.39
BARC_P0243,Condado_Oeste,39.024892,-76.863457,118,0.7264,0.7247,0.0706,0.4457,0.7095,0.01,65.45,25.86,49.53,4.07,6.75,1.48,123.7,72.7,131.2,8.27,4.5,10.36
BARC_P0244,Condado_Sur,39.001233,-76.885225,126,0.7738,0.75,0.0638,0.5,0.7982,0.167,82.19,20.74,57.02,3.23,6.98,1.37,139.9,53.2,110.7,8.35,5.14,10.42
BARC_P0245,Condado_Norte,39.03386,-76.875187,127,0.8199,0.75,0.0531,0.536,0.8054,0.1223,71.54,29.37,47.07,2.81,6.85,1.32,193.1,62.7,135.3,7.07,8.15,10.92
BARC_P0246,Condado_Oeste,39.017226,-76.874209,128,0.7598,0.7346,0.0637,0.4666,0.752,0.0147,66.94,24.0,38.75,3.0,6.3,1.28,175.7,74.0,127.9,9.3,6.87,10.5
BARC_P0247,Condado_Sur,39.012159,-76.892026,119,0.8491,0.75,0.0444,0.5439,0.8542,0.0574,76.77,27.77,63.0,3.07,6.25,1.37,212.7,58.2,108.3,7.97,8.31,11.96
BARC_P0248,Condado_Oeste,39.035735,-76.862143,130,0.7863,0.75,0.0678,0.5672,0.7586,0.0535,71.79,12.15,44.71,3.68,6.62,1.15,139.1,54.8,142.5,8.04,4.52,10.24
BARC_P0249,Condado_Oeste,39.009435,-76.883149,121,0.684,0.6987,0.0797,0.425,0.6699,0.0785,65.37,26.46,49.11,4.3,6.81,1.34,164.2,43.4,105.2,8.1,5.68,11.61
BARC_P0250,Condado_Oeste,38.998873,-76.893603,129,0.7162,0.7221,0.0711,0.4298,0.7609,0.2338,75.24,20.49,56.09,3.49,6.7,1.33,194.1,60.4,137.1,8.1,7.12,12.3
BARC_P0251,Condado_Sur,38.996651,-76.870343,127,0.8291,0.75,0.0441,0.4716,0.8034,0.0694,86.61,33.09,43.74,4.15,6.92,1.24,150.9,74.3,105.5,7.43,7.82,10.91
BARC_P0252,Condado_Sur,39.02909,-76.896172,130,0.7838,0.75,0.0604,0.4985,0.7478,0.0622,62.05,27.43,40.94,2.43,5.89,1.28,152.9,54.5,113.7,9.07,5.05,9.71
BARC_P0253,Condado_Oeste,39.000794,-76.879493,126,0.8529,0.7201,0.0356,0.4485,0.8509,0.01,83.27,25.32,49.78,2.87,6.29,1.41,157.7,65.2,116.7,7.63,6.69,10.38
BARC_P0254,Condado_Sur,39.046322,-76.880164,121,0.7964,0.75,0.0636,0.5611,0.8421,0.01,77.77,26.67,35.45,2.62,5.93,1.37,153.9,62.3,126.8,8.37,5.89,10.35
BARC_P0255,Condado_Norte,38.988771,-76.860454,130,0.7822,0.75,0.0618,0.5054,0.7953,0.0166,73.21,18.51,45.98,3.45,6.21,1.36,178.3,57.0,71.7,7.52,6.79,11.37
BARC_P0256,Condado_Este,39.045447,-76.871455,127,0.88,0.75,0.027,0.4824,0.8837,0.01,81.48,32.93,49.72,2.91,6.91,1.37,120.5,75.1,129.2,7.41,6.05,9.98
BARC_P0257,Condado_Oeste,39.023165,-76.88045,117,0.8258,0.7387,0.0376,0.3938,0.8474,0.1088,76.86,34.95,46.11,3.78,6.45,1.36,206.1,84.7,118.0,8.94,9.5,12.42
BARC_P0258,Condado_Este,39.018549,-76.86528,129,0.7753,0.7168,0.0508,0.4011,0.7342,0.1028,76.49,26.16,37.2,2.46,7.7,1.45,141.0,77.1,125.7,7.73,4.93,9.44
BARC_P0259,Condado_Este,39.011826,-76.854976,117,0.8155,0.75,0.0505,0.4969,0.8528,0.0117,84.39,32.75,59.16,3.23,6.5,1.36,112.1,56.6,130.0,7.78,5.74,9.61
BARC_P0260,Condado_Norte,39.025987,-76.869959,121,0.8104,0.7323,0.0369,0.352,0.8439,0.1447,80.26,20.87,48.72,3.75,6.43,1.23,164.7,88.9,127.9,7.97,6.22,11.72
BARC_P0261,Condado_Este,39.019435,-76.879814,132,0.7978,0.75,0.0608,0.5408,0.8034,0.0135,81.73,19.62,58.02,1.55,6.45,1.48,155.6,77.0,79.9,9.36,5.39,10.48
BARC_P0262,Condado_Oeste,39.03655,-76.903613,128,0.7779,0.7447,0.0588,0.4705,0.8331,0.0287,73.1,24.23,46.18,4.9,6.08,1.38,160.6,59.5,98.8,9.1,7.61,12.17
BARC_P0263,Condado_Norte,39.021713,-76.899172,132,0.8516,0.75,0.0521,0.65,0.8322,0.0229,73.73,26.39,41.84,2.97,6.37,1.3,172.8,55.7,126.7,8.57,6.72,10.53
BARC_P0264,Condado_Sur,39.022255,-76.885494,133,0.8681,0.75,0.0437,0.6185,0.9276,0.0373,79.41,21.83,49.88,1.58,6.96,1.25,181.1,78.5,124.0,9.5,7.4,10.63
BARC_P0265,Condado_Oeste,39.014546,-76.890971,128,0.738,0.7355,0.0707,0.4691,0.7634,0.0235,69.72,26.96,46.49,3.33,6.46,1.38,207.2,67.1,104.2,7.23,7.33,10.85
BARC_P0266,Condado_Este,39.019146,-76.883365,134,0.7115,0.7351,0.0798,0.4736,0.7197,0.0537,69.02,25.69,39.76,3.23,6.0,1.34,147.7,54.8,134.8,8.19,4.5,9.87
BARC_P0267,Condado_Este,39.024617,-76.87898,120,0.8375,0.75,0.0477,0.5397,0.8568,0.0419,81.8,18.51,58.29,3.13,5.94,1.48,184.4,63.2,114.9,7.85,7.43,10.74
BARC_P0268,Condado_Este,38.994347,-76.870466,122,0.8541,0.75,0.0458,0.5822,0.8703,0.3448,83.28,26.85,43.64,3.99,6.17,1.32,182.7,60.1,137.7,6.74,8.99,11.53
BARC_P0269,Condado_Sur,38.999777,-76.881269,121,0.7191,0.6868,0.0624,0.3817,0.7818,0.01,68.63,28.75,35.12,3.8,6.44,1.28,99.0,55.1,144.2,8.08,4.5,9.86
BARC_P0270,Condado_Sur,39.031149,-76.871243,134,0.765,0.721,0.0496,0.3728,0.7474,0.0123,74.21,24.94,57.3,3.44,7.0,1.42,144.2,77.2,125.6,7.51,4.84,10.42
BARC_P0271,Condado_Oeste,39.022563,-76.878839,132,0.7865,0.7287,0.0529,0.4427,0.7798,0.01,75.04,30.34,44.47,3.56,5.73,1.42,132.8,74.4,131.1,8.72,5.67,10.48
BARC_P0272,Condado_Oeste,39.01724,-76.915558,132,0.7725,0.75,0.0661,0.515,0.8288,0.0786,81.67,17.3,43.75,3.12,6.24,1.36,176.2,75.1,107.8,7.56,7.73,10.48
BARC_P0273,Condado_Oeste,39.020277,-76.896908,129,0.88,0.75,0.0264,0.5098,0.8792,0.01,75.95,26.57,35.64,4.62,6.47,1.4,173.4,74.9,137.8,7.53,9.0,12.24
BARC_P0274,Condado_Oeste,39.025214,-76.882594,134,0.7584,0.7478,0.0748,0.5442,0.8099,0.1448,78.19,17.56,60.19,2.02,5.48,1.35,173.9,54.0,124.4,8.72,6.46,9.91
BARC_P0275,Condado_Sur,39.011904,-76.901775,133,0.7583,0.6794,0.0561,0.408,0.8378,0.0574,74.84,17.87,38.97,3.31,5.98,1.37,157.4,57.8,114.1,7.76,6.09,10.91
BARC_P0276,Condado_Sur,39.008325,-76.869201,116,0.7495,0.7217,0.0488,0.341,0.7554,0.0599,70.18,20.53,48.41,3.25,6.06,1.44,159.9,82.5,95.6,8.5,5.99,10.16
BARC_P0277,Condado_Oeste,39.022938,-76.852446,122,0.8166,0.75,0.0537,0.5315,0.8604,0.066,83.88,18.82,54.39,3.85,6.0,1.4,164.3,66.3,110.3,8.05,6.2,10.76
BARC_P0278,Condado_Este,39.005324,-76.858062,125,0.7754,0.75,0.0544,0.4303,0.755,0.015,72.09,20.99,50.95,2.52,6.5,1.34,155.0,47.4,97.8,8.06,5.61,9.42
BARC_P0279,Condado_Este,39.026124,-76.883842,132,0.8503,0.7328,0.029,0.3589,0.8967,0.0176,81.78,22.82,47.58,1.81,6.32,1.46,184.4,67.6,135.2,7.65,7.24,10.1
BARC_P0280,Condado_Oeste,38.994461,-76.853167,127,0.7265,0.7472,0.0774,0.4887,0.7535,0.0307,71.6,28.6,36.09,3.33,6.12,1.16,138.3,72.9,144.4,8.1,5.62,10.25
BARC_P0281,Condado_Oeste,39.035437,-76.877324,123,0.8093,0.75,0.0556,0.5276,0.8458,0.072,74.23,22.23,42.33,3.42,6.61,1.51,145.5,71.3,138.3,7.72,5.57,10.8
BARC_P0282,Condado_Sur,39.027089,-76.886068,123,0.7693,0.75,0.0616,0.4727,0.7667,0.0189,77.43,15.28,49.31,4.39,7.26,1.21,168.0,53.7,160.0,7.32,6.01,11.29
BARC_P0283,Condado_Sur,39.02384,-76.891041,131,0.7345,0.706,0.0693,0.4525,0.6963,0.01,65.33,30.27,42.49,2.18,7.22,1.3,155.8,87.6,110.8,7.74,4.88,9.04
BARC_P0284,Condado_Norte,39.03474,-76.885444,121,0.8444,0.75,0.0397,0.4704,0.882,0.2808,88.27,19.4,49.42,4.12,5.44,1.35,137.3,47.0,131.9,8.57,5.83,12.06
BARC_P0285,Condado_Este,39.044982,-76.886987,123,0.7611,0.75,0.0621,0.4578,0.7089,0.01,65.24,23.68,52.77,5.09,6.69,1.34,178.3,66.3,96.4,8.12,7.04,12.82
BARC_P0286,Condado_Norte,39.035216,-76.876933,115,0.7734,0.7261,0.051,0.3991,0.7823,0.1298,72.23,26.46,54.74,2.9,6.31,1.43,150.7,85.8,116.1,8.26,6.19,10.74
BARC_P0287,Condado_Sur,38.992387,-76.87711,116,0.7318,0.7339,0.0677,0.4371,0.7847,0.1241,71.49,25.1,39.42,2.17,6.48,1.27,143.9,72.1,90.5,7.8,5.7,9.63
BARC_P0288,Condado_Este,39.000806,-76.879945,118,0.88,0.75,0.0231,0.5113,0.9067,0.0282,89.64,30.02,63.38,2.87,6.2,1.37,160.6,75.0,131.4,6.64,6.73,10.54
BARC_P0289,Condado_Sur,39.010628,-76.872135,128,0.8064,0.75,0.0535,0.4993,0.8946,0.0117,82.15,26.63,53.37,3.21,6.46,1.3,142.7,52.4,112.9,7.07,6.2,10.15
BARC_P0290,Condado_Este,39.020391,-76.858568,118,0.8285,0.75,0.046,0.4901,0.8844,0.0126,86.6,19.26,47.99,3.65,6.48,1.37,164.1,69.2,78.9,7.63,6.95,11.41
BARC_P0291,Condado_Norte,39.027765,-76.862908,116,0.7448,0.6708,0.0615,0.4203,0.7419,0.0956,68.95,35.98,55.63,2.73,6.11,1.34,156.0,64.6,106.3,7.12,6.24,9.33
BARC_P0292,Condado_Norte,39.009114,-76.906728,122,0.7664,0.7367,0.0621,0.4691,0.7873,0.0824,66.89,25.07,64.56,4.44,5.95,1.36,152.2,51.4,155.9,7.49,6.87,10.97
BARC_P0293,Condado_Oeste,39.022802,-76.925971,132,0.7746,0.7434,0.0444,0.3494,0.7929,0.1221,73.04,23.19,37.93,2.31,6.18,1.31,152.3,75.4,128.2,7.46,5.95,9.09
BARC_P0294,Condado_Sur,39.008669,-76.863182,133,0.8343,0.75,0.0443,0.4907,0.799,0.2218,71.18,29.3,46.42,1.81,6.52,1.31,189.9,55.2,135.4,7.48,6.97,10.17
BARC_P0295,Condado_Norte,39.010827,-76.904604,128,0.8277,0.75,0.0533,0.5657,0.8148,0.0942,77.54,25.37,31.35,4.09,6.7,1.37,174.2,56.6,122.5,8.66,7.72,12.08
BARC_P0296,Condado_Sur,38.9989,-76.884046,134,0.8081,0.6937,0.0416,0.3916,0.8085,0.0136,72.05,26.2,49.35,1.38,6.83,1.43,122.3,70.2,116.4,7.77,4.5,8.37
BARC_P0297,Condado_Este,39.006152,-76.901062,124,0.7361,0.75,0.0676,0.4448,0.6848,0.0223,68.76,37.71,50.56,3.04,6.15,1.3,187.1,63.3,120.3,8.36,8.03,10.72
BARC_P0298,Condado_Norte,38.999725,-76.912436,131,0.8199,0.75,0.0495,0.4997,0.8415,0.1477,79.58,22.49,47.73,5.69,6.54,1.28,177.9,67.0,124.9,7.9,9.07,12.5
BARC_P0299,Condado_Este,39.005362,-76.870254,122,0.88,0.75,0.02,0.5552,0.8913,0.0188,83.96,22.25,43.42,3.19,6.88,1.4,176.4,62.5,98.1,8.65,6.87,11.68
BARC_P0300,Condado_Norte,39.035805,-76.866335,128,0.8035,0.75,0.0494,0.4531,0.7649,0.01,75.29,24.64,33.65,2.3,6.98,1.35,187.2,82.0,135.3,8.41,6.69,10.45
BARC_P0301,Condado_Norte,39.005759,-76.890377,122,0.835,0.75,0.0394,0.4385,0.8692,0.0972,86.43,29.89,50.61,3.15,6.37,1.42,165.4,53.9,142.4,7.45,6.66,11.21
BARC_P0302,Condado_Sur,39.059486,-76.926639,119,0.8444,0.7321,0.0305,0.3619,0.8894,0.0412,84.42,15.71,58.19,3.16,6.29,1.28,180.5,59.4,116.1,8.98,7.14,11.77
BARC_P0303,Condado_Este,39.0274,-76.889832,130,0.8606,0.75,0.0364,0.4862,0.8885,0.2021,81.32,13.19,43.86,3.33,6.5,1.21,153.4,70.8,109.5,7.53,6.67,11.15
BARC_P0304,Condado_Este,39.022773,-76.872948,122,0.8281,0.75,0.0566,0.6025,0.8368,0.084,72.4,20.77,51.08,3.73,5.83,1.31,186.2,53.1,105.2,7.92,7.18,11.74
BARC_P0305,Condado_Este,39.007125,-76.90662,124,0.7378,0.7317,0.0749,0.4966,0.7785,0.01,71.21,15.01,37.02,2.37,6.3,1.29,170.5,52.6,155.2,8.03,6.1,10.28
BARC_P0306,Condado_Oeste,39.030505,-76.8767,122,0.7782,0.7357,0.0597,0.4787,0.822,0.2363,75.62,21.66,51.2,4.55,6.77,1.34,130.6,66.7,111.0,8.09,5.46,11.76
BARC_P0307,Condado_Sur,39.011365,-76.880276,123,0.8316,0.75,0.0459,0.4993,0.8624,0.0239,82.35,26.76,45.25,3.4,6.72,1.3,190.9,75.4,133.1,8.28,8.1,11.71
BARC_P0308,Condado_Sur,39.02183,-76.869573,132,0.7715,0.7485,0.0618,0.4793,0.7626,0.0329,71.07,19.1,42.66,3.78,6.26,1.41,161.8,77.0,116.2,7.35,6.04,11.1
BARC_P0309,Condado_Oeste,39.058401,-76.877848,117,0.7992,0.75,0.0481,0.4312,0.8289,0.0412,81.5,16.15,42.68,2.7,6.51,1.33,158.3,66.1,115.1,8.23,5.83,10.35
BARC_P0310,Condado_Norte,39.018559,-76.897515,131,0.8447,0.75,0.0446,0.5294,0.9065,0.01,83.67,24.38,45.24,4.23,5.99,1.36,153.9,56.9,104.7,8.15,7.32,11.82
BARC_P0311,Condado_Sur,39.037239,-76.858462,134,0.8581,0.75,0.0377,0.4935,0.8572,0.0549,81.21,28.74,50.68,2.99,6.75,1.36,155.8,68.3,100.6,7.8,6.15,11.25
BARC_P0312,Condado_Norte,39.009452,-76.882854,129,0.88,0.75,0.0287,0.4811,0.94,0.0105,94.04,14.68,38.81,3.42,6.36,1.37,170.7,71.8,134.8,7.69,7.35,11.73
BARC_P0313,Condado_Norte,39.019475,-76.880491,131,0.7911,0.75,0.0492,0.4215,0.7927,0.041,76.68,28.51,45.22,2.45,6.26,1.35,140.3,68.1,100.1,7.32,5.02,9.36
BARC_P0314,Condado_Oeste,39.046562,-76.896799,122,0.8136,0.75,0.0574,0.5582,0.8347,0.0346,79.06,28.5,47.71,2.4,6.22,1.39,125.8,79.8,129.3,8.09,4.83,9.82
BARC_P0315,Condado_Oeste,39.010595,-76.887979,116,0.8132,0.75,0.0536,0.5199,0.8097,0.1186,74.51,29.25,40.31,3.75,6.37,1.29,138.4,52.8,121.8,7.4,5.94,10.17
BARC_P0316,Condado_Este,39.047187,-76.895926,131,0.8032,0.75,0.0488,0.4468,0.831,0.13,76.42,30.7,60.58,2.85,6.18,1.46,174.5,56.6,135.1,7.94,7.21,10.75
BARC_P0317,Condado_Sur,39.030616,-76.883113,132,0.8595,0.75,0.0408,0.5401,0.8185,0.0133,74.36,36.11,42.03,2.52,6.73,1.33,161.0,78.1,107.8,7.74,6.78,9.85
BARC_P0318,Condado_Norte,39.011563,-76.849189,119,0.7506,0.75,0.0641,0.4501,0.7515,0.0365,69.23,22.04,43.31,2.69,6.2,1.25,192.8,47.3,141.6,7.0,6.8,10.62
BARC_P0319,Condado_Norte,39.029486,-76.904694,123,0.8495,0.75,0.0352,0.4331,0.8313,0.0374,81.99,24.6,41.15,3.76,7.2,1.37,163.4,58.5,117.2,7.24,6.87,11.03
BARC_P0320,Condado_Norte,39.034588,-76.909044,123,0.734,0.7207,0.0666,0.4344,0.7587,0.0131,71.19,21.71,60.59,2.7,7.13,1.28,186.1,56.2,160.0,8.04,6.04,10.76
BARC_P0321,Condado_Este,39.029327,-76.853519,116,0.8068,0.6724,0.04,0.3737,0.8616,0.1281,76.45,24.01,51.87,3.11,5.95,1.4,147.7,46.2,87.7,7.49,5.66,10.64
BARC_P0322,Condado_Este,38.996447,-76.883768,116,0.8416,0.75,0.0437,0.5083,0.8842,0.0983,91.07,32.43,41.44,3.21,6.43,1.53,154.1,62.8,160.0,7.46,7.42,10.59
BARC_P0323,Condado_Este,39.009093,-76.892043,133,0.8363,0.7099,0.033,0.3701,0.7733,0.0169,74.74,16.6,55.74,1.67,6.07,1.29,165.2,74.0,117.5,7.34,5.68,9.09
BARC_P0324,Condado_Norte,39.016287,-76.861282,117,0.7907,0.7161,0.0475,0.4063,0.8822,0.0365,78.18,19.26,49.4,2.02,6.24,1.38,161.3,66.9,124.5,7.36,6.49,9.82
BARC_P0325,Condado_Oeste,39.018883,-76.890901,131,0.6724,0.6554,0.0696,0.3555,0.7027,0.01,64.99,31.57,49.8,3.47,7.4,1.21,159.0,74.6,107.9,8.79,6.71,10.4
BARC_P0326,Condado_Este,39.02931,-76.847132,128,0.7666,0.7134,0.0627,0.4748,0.7594,0.0792,72.59,29.61,45.59,2.61,6.25,1.39,143.2,79.3,88.6,7.13,4.83,9.5
BARC_P0327,Condado_Este,39.022666,-76.867797,128,0.7423,0.7266,0.0697,0.471,0.7678,0.0104,79.75,22.0,42.75,4.05,6.58,1.28,125.4,60.4,109.4,8.68,4.5,10.94
BARC_P0328,Condado_Este,38.99997,-76.888782,128,0.7598,0.732,0.0628,0.4604,0.786,0.3411,70.24,28.7,50.36,3.97,6.67,1.3,180.8,95.0,112.7,7.6,7.59,11.64
BARC_P0329,Condado_Sur,39.025703,-76.841168,120,0.8313,0.75,0.0384,0.4174,0.828,0.1214,82.56,25.88,44.18,3.78,5.9,1.26,178.0,60.9,123.7,7.41,7.35,11.59
BARC_P0330,Condado_Norte,39.029159,-76.890903,117,0.7823,0.7086,0.05,0.4097,0.8092,0.0396,82.47,32.25,60.72,4.66,5.97,1.41,149.7,62.4,142.4,8.03,7.44,11.1
BARC_P0331,Condado_Sur,39.028397,-76.866642,115,0.8429,0.75,0.0433,0.5079,0.8416,0.0691,77.44,24.41,39.11,3.13,5.8,1.43,174.5,56.5,123.8,7.83,6.87,10.55
BARC_P0332,Condado_Este,39.036212,-76.874613,130,0.7128,0.7251,0.075,0.447,0.7186,0.1938,67.16,29.64,58.75,3.72,5.96,1.35,160.8,71.5,124.2,7.68,5.92,10.34
BARC_P0333,Condado_Norte,39.032509,-76.856569,118,0.8618,0.75,0.037,0.499,0.8577,0.0646,77.34,38.53,47.22,2.73,5.2,1.28,192.7,61.5,127.7,7.93,9.18,11.11
BARC_P0334,Condado_Norte,39.026888,-76.851893,115,0.7238,0.7166,0.0684,0.4269,0.6936,0.0153,65.08,27.29,50.09,5.16,6.67,1.48,132.2,64.1,84.9,7.82,5.31,11.28
BARC_P0335,Condado_Norte,39.018948,-76.879424,131,0.7554,0.75,0.0684,0.4909,0.7805,0.0381,74.0,24.27,53.83,4.79,7.43,1.29,161.8,62.5,86.7,7.67,6.72,11.0
BARC_P0336,Condado_Norte,38.995086,-76.893562,132,0.7426,0.75,0.0824,0.5582,0.7831,0.1482,77.03,27.97,43.59,3.21,6.47,1.18,159.8,62.3,90.1,8.36,6.94,11.6
BARC_P0337,Condado_Oeste,39.026444,-76.871721,122,0.8268,0.75,0.0489,0.5152,0.8648,0.0827,86.52,21.99,54.05,3.51,5.69,1.39,169.0,66.9,112.5,6.93,7.28,10.23
BARC_P0338,Condado_Este,39.023115,-76.892199,116,0.7478,0.7414,0.0657,0.4553,0.7965,0.0842,72.68,37.13,29.05,4.29,6.08,1.26,203.4,59.6,82.6,7.25,9.67,12.15
BARC_P0339,Condado_Sur,39.024074,-76.843759,132,0.6948,0.7164,0.0892,0.4954,0.7261,0.1613,61.11,24.99,42.96,3.08,6.17,1.43,161.9,60.2,106.2,7.33,4.75,10.4
BARC_P0340,Condado_Norte,39.000849,-76.877542,130,0.8211,0.75,0.0457,0.4656,0.8225,0.1795,78.05,22.5,41.53,2.67,5.89,1.32,183.6,77.9,92.6,7.17,6.93,10.27
BARC_P0341,Condado_Sur,39.003784,-76.886576,124,0.8752,0.75,0.032,0.4805,0.9246,0.2019,89.01,19.4,39.23,3.9,6.83,1.4,161.3,61.5,129.8,7.85,7.36,11.95
BARC_P0342,Condado_Sur,39.035797,-76.876676,122,0.88,0.75,0.0268,0.4605,0.8525,0.01,81.98,30.03,46.5,3.26,6.81,1.46,191.8,69.6,128.8,8.1,8.74,11.22
BARC_P0343,Condado_Norte,39.019407,-76.904248,126,0.7548,0.75,0.0657,0.4701,0.7433,0.0628,69.31,28.77,50.7,3.35,5.82,1.25,183.8,54.3,114.0,6.62,6.98,10.7
BARC_P0344,Condado_Sur,39.030223,-76.897489,130,0.88,0.75,0.0268,0.4927,0.8663,0.1079,82.79,21.26,52.92,2.53,6.76,1.3,156.7,59.7,82.0,7.52,6.1,9.4
BARC_P0345,Condado_Sur,39.020425,-76.858393,126,0.7896,0.7166,0.0494,0.4204,0.8474,0.1132,86.57,27.17,49.69,1.83,7.16,1.34,154.9,50.2,115.3,7.61,6.43,9.97
BARC_P0346,Condado_Este,39.020446,-76.891824,125,0.7438,0.7303,0.0616,0.419,0.7968,0.0747,77.22,15.7,43.34,3.39,7.35,1.47,177.2,87.3,126.6,7.63,6.57,11.03
BARC_P0347,Condado_Este,39.034074,-76.898844,134,0.7457,0.75,0.0578,0.3967,0.7828,0.0146,72.87,25.02,50.58,3.92,7.8,1.3,148.6,81.5,136.2,7.03,6.49,10.07
BARC_P0348,Condado_Norte,39.012259,-76.87034,133,0.7244,0.6845,0.0614,0.384,0.7819,0.1277,72.28,26.49,48.87,3.02,5.95,1.3,169.8,72.1,155.1,7.61,5.62,10.72
BARC_P0349,Condado_Sur,39.021442,-76.858657,115,0.7493,0.7324,0.0583,0.407,0.7385,0.1019,69.48,33.39,54.55,4.35,7.8,1.39,156.1,90.8,142.4,7.25,7.32,11.68
BARC_P0350,Condado_Este,39.013066,-76.867059,117,0.7368,0.75,0.0742,0.4896,0.769,0.01,79.6,19.76,53.44,2.64,6.22,1.3,174.2,74.2,123.3,7.6,5.98,9.99
BARC_P0351,Condado_Sur,39.013483,-76.862071,126,0.8257,0.75,0.0407,0.4264,0.8413,0.0499,79.19,16.97,48.21,2.36,6.1,1.36,161.0,62.9,114.3,6.77,6.39,9.74
BARC_P0352,Condado_Oeste,39.015362,-76.893622,123,0.8386,0.75,0.0448,0.5108,0.8882,0.0153,84.3,19.08,41.72,3.15,6.56,1.23,147.7,69.5,105.1,7.6,6.14,10.46
BARC_P0353,Condado_Este,39.023332,-76.905593,119,0.8348,0.75,0.0434,0.4821,0.8507,0.0329,78.89,16.65,43.43,3.13,6.11,1.53,192.6,81.3,147.1,7.37,7.74,10.96
BARC_P0354,Condado_Norte,39.012819,-76.852976,115,0.6858,0.7238,0.0675,0.3619,0.6923,0.01,70.17,31.35,44.15,3.82,6.6,1.24,171.0,54.4,123.3,7.64,7.07,10.62
BARC_P0355,Condado_Norte,39.038836,-76.885808,124,0.7669,0.7413,0.0685,0.5193,0.8058,0.0409,84.39,32.52,45.79,2.58,5.74,1.32,163.7,50.9,132.6,7.98,7.17,10.07
BARC_P0356,Condado_Este,39.006581,-76.884515,131,0.7908,0.7485,0.0618,0.5286,0.8414,0.0639,81.74,25.76,49.88,4.29,6.28,1.35,175.5,69.9,108.2,7.77,8.6,11.76
BARC_P0357,Condado_Norte,39.017197,-76.856093,118,0.7049,0.6877,0.0728,0.4204,0.7015,0.0773,66.98,30.72,53.01,4.77,7.04,1.5,123.2,58.0,95.2,8.28,5.35,10.9
BARC_P0358,Condado_Este,39.013404,-76.869988,129,0.8624,0.75,0.0373,0.5052,0.8803,0.0871,83.77,24.74,47.64,3.17,6.37,1.24,217.3,37.9,112.0,7.58,7.75,11.73
BARC_P0359,Condado_Oeste,39.041705,-76.871794,133,0.6854,0.6978,0.08,0.4286,0.6683,0.1448,53.96,23.48,48.11,4.2,6.47,1.51,165.6,50.1,113.9,8.17,5.17,11.51
BARC_P0360,Condado_Este,39.022948,-76.84103,122,0.7238,0.7283,0.0778,0.4859,0.6564,0.0194,65.34,22.17,49.0,2.35,6.64,1.41,115.9,61.3,123.8,8.47,4.5,9.23
BARC_P0361,Condado_Sur,39.035478,-76.891583,129,0.7191,0.6901,0.066,0.4041,0.7461,0.0103,71.42,22.29,44.39,4.06,6.99,1.38,194.9,65.6,105.3,7.96,7.34,11.21
BARC_P0362,Condado_Este,38.997717,-76.863299,121,0.6401,0.6377,0.0817,0.3724,0.6814,0.1526,66.45,15.49,41.52,4.04,5.57,1.27,146.2,65.9,120.5,7.79,4.5,10.28
BARC_P0363,Condado_Sur,39.024006,-76.878974,129,0.8762,0.75,0.0302,0.457,0.9054,0.0136,83.17,25.45,35.71,3.89,6.69,1.4,191.1,89.1,143.6,8.05,9.15,12.72
BARC_P0364,Condado_Este,39.033344,-76.875165,122,0.8186,0.75,0.0471,0.4726,0.7704,0.2943,71.65,23.78,43.13,3.19,6.27,1.29,168.0,62.5,86.5,7.99,5.93,10.92
BARC_P0365,Condado_Oeste,39.021234,-76.852488,124,0.8242,0.75,0.044,0.4561,0.8319,0.1479,77.38,28.1,51.31,1.2,6.48,1.45,125.7,68.3,77.7,8.4,4.5,8.93
BARC_P0366,Condado_Sur,39.035982,-76.870859,132,0.7227,0.6757,0.0658,0.409,0.6651,0.0556,67.27,24.51,43.08,2.69,6.93,1.27,171.5,45.5,144.9,8.28,4.96,10.19
BARC_P0367,Condado_Oeste,39.012241,-76.870311,118,0.8415,0.75,0.0392,0.456,0.9094,0.3189,84.88,23.11,46.34,2.7,5.8,1.34,169.7,64.6,90.7,8.28,6.71,10.88
BARC_P0368,Condado_Oeste,39.04114,-76.860695,129,0.7641,0.7361,0.0664,0.4962,0.746,0.01,79.2,19.21,51.27,2.42,5.89,1.31,193.8,69.0,112.4,7.83,6.34,10.47
BARC_P0369,Condado_Norte,39.054483,-76.886569,125,0.7267,0.726,0.0756,0.4773,0.7906,0.0289,76.83,24.4,51.64,3.3,5.43,1.27,178.1,48.5,132.2,8.0,6.7,10.9
BARC_P0370,Condado_Norte,39.014557,-76.895106,117,0.7648,0.7238,0.0654,0.491,0.8179,0.0813,72.6,28.06,40.44,2.86,6.13,1.41,134.0,53.8,118.8,7.99,5.51,10.37
BARC_P0371,Condado_Norte,39.013317,-76.898807,129,0.7625,0.7268,0.0593,0.4398,0.751,0.0345,70.83,17.71,54.98,2.54,7.07,1.39,190.1,70.9,118.5,7.08,7.18,10.11
BARC_P0372,Condado_Norte,39.041801,-76.915394,117,0.8639,0.75,0.0402,0.5503,0.8443,0.2109,77.6,24.48,55.89,2.35,6.34,1.45,154.6,58.4,121.4,8.44,5.78,10.26
BARC_P0373,Condado_Norte,39.043694,-76.842988,129,0.8127,0.7185,0.0423,0.4094,0.845,0.01,71.5,25.28,40.09,2.63,5.73,1.21,208.0,63.8,160.0,6.8,7.74,11.1
BARC_P0374,Condado_Este,39.012157,-76.899858,120,0.747,0.7327,0.0737,0.5093,0.7375,0.0638,76.46,20.05,42.23,4.1,6.16,1.44,156.1,71.5,155.6,8.23,5.1,11.15
BARC_P0375,Condado_Norte,39.013697,-76.883983,115,0.784,0.75,0.0667,0.5509,0.8076,0.0715,79.54,20.77,56.34,2.67,5.66,1.55,159.7,89.4,106.1,7.96,5.96,10.3
BARC_P0376,Condado_Sur,39.015773,-76.884983,128,0.8068,0.75,0.0544,0.5089,0.8099,0.0846,79.07,25.27,46.97,2.79,5.84,1.31,144.5,62.3,141.0,7.63,4.88,9.91
BARC_P0377,Condado_Oeste,38.999833,-76.874467,130,0.8113,0.75,0.0487,0.4678,0.769,0.0236,73.72,17.77,32.46,2.83,6.59,1.5,152.5,86.2,130.1,8.03,5.02,10.23
BARC_P0378,Condado_Norte,39.00622,-76.865317,115,0.88,0.75,0.0246,0.4483,0.8219,0.0363,72.56,25.92,38.2,3.47,5.81,1.33,145.9,41.5,119.6,8.05,6.14,10.68
BARC_P0379,Condado_Oeste,39.004938,-76.864511,131,0.866,0.75,0.0389,0.5422,0.8939,0.1485,82.99,19.08,46.25,3.56,6.96,1.24,194.4,66.8,101.8,7.02,7.5,11.43
BARC_P0380,Condado_Sur,39.008483,-76.890495,122,0.6501,0.6587,0.0837,0.3946,0.6505,0.0173,65.16,29.85,39.86,1.2,6.36,1.33,131.7,61.0,129.0,8.65,4.5,7.99
BARC_P0381,Condado_Norte,39.01948,-76.883008,132,0.8436,0.7308,0.0358,0.4218,0.8442,0.1403,75.99,36.86,45.11,4.02,6.44,1.43,185.1,58.6,113.9,7.84,9.76,11.87
BARC_P0382,Condado_Este,39.023513,-76.874914,130,0.7749,0.7246,0.0578,0.4561,0.8193,0.0662,67.7,19.27,48.23,4.35,6.26,1.28,185.7,72.9,112.4,9.19,6.47,12.98
BARC_P0383,Condado_Este,39.043258,-76.884476,120,0.7754,0.75,0.0701,0.5543,0.8365,0.1149,78.56,26.94,58.24,2.36,6.79,1.3,199.4,62.4,104.7,8.27,6.65,11.26
BARC_P0384,Condado_Oeste,39.005025,-76.851068,124,0.8658,0.75,0.0362,0.5028,0.8762,0.1,82.67,20.0,45.97,2.42,6.79,1.4,166.1,40.7,140.0,7.83,7.22,9.85
BARC_P0385,Condado_Este,39.034765,-76.871162,124,0.7591,0.75,0.0578,0.4219,0.7672,0.0186,73.43,29.73,55.51,2.84,6.57,1.35,139.3,45.9,104.6,7.39,4.59,9.64
BARC_P0386,Condado_Oeste,39.01679,-76.866772,119,0.7396,0.7222,0.0691,0.4614,0.7771,0.0673,76.74,17.04,58.0,2.6,6.68,1.4,160.7,73.7,104.8,7.73,5.74,9.85
BARC_P0387,Condado_Sur,39.019258,-76.868068,126,0.7785,0.7074,0.0552,0.4431,0.751,0.1618,73.9,26.64,58.04,3.38,6.29,1.37,179.9,45.4,135.6,7.89,6.76,10.41
BARC_P0388,Condado_Norte,39.030122,-76.858877,134,0.6338,0.6739,0.098,0.4374,0.6617,0.0453,63.89,19.2,49.99,1.64,6.67,1.39,167.1,74.0,117.1,8.68,4.64,9.42
BARC_P0389,Condado_Este,39.003159,-76.876742,131,0.88,0.75,0.03,0.5387,0.9193,0.2719,92.12,22.86,34.26,2.31,6.23,1.32,174.2,66.5,117.7,8.54,7.04,10.85
BARC_P0390,Condado_Oeste,39.025736,-76.903343,128,0.6975,0.7042,0.0709,0.3977,0.7413,0.0481,64.34,18.33,51.23,4.43,6.4,1.37,199.1,63.0,140.7,8.07,6.89,12.99
BARC_P0391,Condado_Oeste,39.022497,-76.872806,128,0.8333,0.75,0.0524,0.5765,0.7856,0.0123,76.65,28.52,55.34,2.46,6.26,1.28,179.6,64.0,146.3,8.86,6.61,10.66
BARC_P0392,Condado_Sur,39.027387,-76.891724,117,0.7767,0.75,0.0666,0.5297,0.77,0.0395,75.66,19.4,47.43,4.19,6.17,1.45,170.0,71.2,77.4,6.59,5.88,10.87
BARC_P0393,Condado_Sur,39.024338,-76.889515,126,0.797,0.75,0.0616,0.5455,0.7863,0.2424,69.74,27.04,60.21,3.48,6.06,1.3,118.9,50.9,117.4,8.08,4.77,9.91
BARC_P0394,Condado_Este,39.05683,-76.869445,134,0.8226,0.75,0.044,0.4522,0.8461,0.0308,74.37,22.11,54.02,1.75,6.63,1.44,145.4,65.5,91.8,8.55,5.64,9.53
BARC_P0395,Condado_Sur,39.010434,-76.857711,132,0.7793,0.75,0.0584,0.471,0.8161,0.1621,74.54,23.37,51.98,3.71,7.06,1.33,154.9,51.3,112.3,8.13,5.67,11.4
BARC_P0396,Condado_Oeste,39.012035,-76.879617,126,0.8712,0.7493,0.0271,0.394,0.94,0.1705,86.65,24.81,55.6,3.11,6.99,1.37,115.6,67.0,119.9,7.0,5.22,10.26
BARC_P0397,Condado_Oeste,39.010653,-76.874441,116,0.7501,0.75,0.064,0.4485,0.7528,0.0345,74.53,19.81,50.33,2.84,5.77,1.31,137.3,72.8,112.9,8.63,4.84,11.24
BARC_P0398,Condado_Sur,39.011668,-76.84936,116,0.791,0.7394,0.0595,0.5096,0.7936,0.01,72.93,25.16,30.55,3.4,7.04,1.27,158.3,67.0,99.5,8.26,5.33,10.48
BARC_P0399,Condado_Este,39.010439,-76.875666,131,0.7925,0.75,0.0646,0.5578,0.8527,0.1032,77.58,32.42,44.51,3.58,6.24,1.21,162.4,72.3,98.5,8.01,8.01,11.33
BARC_P0400,Condado_Este,39.037835,-76.83317,124,0.7074,0.6788,0.0709,0.4136,0.7378,0.0299,67.64,19.72,56.38,3.77,6.7,1.27,177.6,56.6,134.6,7.85,5.83,10.91
BARC_P0401,Condado_Norte,39.041308,-76.869821,132,0.7666,0.75,0.0605,0.4581,0.831,0.1222,83.42,30.44,42.35,4.14,5.95,1.32,159.9,64.3,150.7,9.0,7.58,12.1
BARC_P0402,Condado_Oeste,39.011439,-76.911694,133,0.7833,0.7372,0.0572,0.4709,0.8134,0.0468,77.33,32.24,46.44,3.53,6.47,1.37,171.2,62.1,78.8,8.07,7.8,11.81
BARC_P0403,Condado_Sur,39.007515,-76.86644,115,0.8092,0.75,0.0418,0.3963,0.7887,0.0531,74.21,19.51,40.69,2.1,6.56,1.43,154.6,61.4,113.4,7.65,5.34,9.97
BARC_P0404,Condado_Oeste,39.027071,-76.873139,118,0.8417,0.75,0.0443,0.5155,0.815,0.1204,76.99,16.0,60.49,2.82,5.66,1.31,166.1,55.4,134.6,7.31,6.87,9.9
BARC_P0405,Condado_Sur,39.011717,-76.856784,118,0.7141,0.707,0.0728,0.4366,0.6798,0.0385,69.75,25.66,59.77,5.55,6.7,1.28,176.3,59.8,119.3,8.25,6.8,12.84
BARC_P0406,Condado_Oeste,39.029494,-76.867883,116,0.719,0.711,0.0765,0.4683,0.7622,0.0468,69.41,20.99,41.81,3.78,7.07,1.23,201.8,51.6,97.7,8.39,6.89,11.12
BARC_P0407,Condado_Sur,39.023044,-76.882492,133,0.796,0.75,0.0514,0.4529,0.8576,0.0378,86.74,34.28,49.03,5.1,6.31,1.39,152.1,44.7,110.4,7.83,8.96,11.37
BARC_P0408,Condado_Norte,38.997264,-76.902037,126,0.7719,0.75,0.0557,0.4326,0.8566,0.0366,82.22,24.19,43.24,4.32,7.08,1.46,168.6,56.6,126.0,7.47,7.53,11.71
BARC_P0409,Condado_Oeste,39.043213,-76.883762,124,0.841,0.75,0.0414,0.4796,0.8905,0.0597,83.95,19.59,52.3,3.39,6.31,1.45,186.7,72.5,113.9,8.6,7.6,12.14
BARC_P0410,Condado_Norte,39.046938,-76.895309,127,0.731,0.7455,0.0726,0.4671,0.7917,0.1324,85.21,17.69,51.57,3.44,6.82,1.41,129.0,67.8,119.0,7.27,4.58,10.25
BARC_P0411,Condado_Sur,39.010808,-76.890449,134,0.7513,0.7256,0.065,0.4577,0.751,0.0359,67.13,29.99,53.68,3.17,5.29,1.4,214.9,49.9,119.6,8.98,7.27,12.54
BARC_P0412,Condado_Oeste,39.014184,-76.869406,129,0.6767,0.7189,0.0841,0.4363,0.6562,0.0594,60.93,20.86,50.32,1.81,7.61,1.49,194.5,60.1,109.5,7.36,5.6,9.53
BARC_P0413,Condado_Oeste,39.024288,-76.849942,117,0.8454,0.75,0.0418,0.4992,0.8951,0.0889,80.11,24.24,68.55,3.21,7.15,1.38,122.2,73.3,136.3,7.03,5.45,10.02
BARC_P0414,Condado_Este,39.025017,-76.872896,134,0.843,0.75,0.0493,0.5792,0.8777,0.0251,87.19,29.26,40.8,4.17,6.26,1.4,174.3,59.6,110.5,7.11,8.51,12.18
BARC_P0415,Condado_Este,39.029878,-76.901526,127,0.7862,0.7491,0.0585,0.4884,0.8099,0.026,83.7,21.34,36.03,2.72,5.41,1.32,150.9,48.0,99.9,7.13,6.38,9.76
BARC_P0416,Condado_Sur,39.050153,-76.871997,122,0.7859,0.75,0.0647,0.5398,0.8195,0.2167,84.53,23.75,45.25,3.53,6.54,1.24,155.1,92.1,160.0,7.66,6.19,11.05
BARC_P0417,Condado_Sur,39.017346,-76.858461,121,0.7691,0.7402,0.0518,0.3966,0.8004,0.1029,80.93,23.91,37.02,3.88,5.68,1.3,173.8,63.0,118.4,7.52,5.9,11.52
BARC_P0418,Condado_Sur,39.008026,-76.890976,122,0.8423,0.75,0.0419,0.4895,0.9072,0.0689,85.39,27.76,37.55,2.47,6.62,1.35,191.3,51.0,70.0,8.41,8.25,10.88
BARC_P0419,Condado_Este,38.99931,-76.882412,132,0.7171,0.6997,0.0682,0.4142,0.7825,0.0835,72.87,27.25,40.99,2.84,6.61,1.35,153.4,67.1,145.1,8.33,5.56,10.49
BARC_P0420,Condado_Este,39.009036,-76.879736,123,0.7121,0.707,0.0658,0.3914,0.7511,0.01,64.67,22.79,41.54,2.39,5.93,1.5,153.7,64.0,145.0,7.67,4.84,10.48
BARC_P0421,Condado_Oeste,39.019503,-76.894128,120,0.827,0.75,0.0413,0.4356,0.8766,0.077,91.42,24.35,41.32,2.54,6.96,1.36,174.3,46.5,129.1,9.5,7.5,11.7
BARC_P0422,Condado_Oeste,39.046918,-76.868331,118,0.7596,0.75,0.0753,0.5515,0.7976,0.057,77.65,21.96,51.63,2.17,6.8,1.44,179.3,66.1,132.6,7.66,6.44,9.85
BARC_P0423,Condado_Norte,39.012236,-76.882177,129,0.7619,0.75,0.0726,0.537,0.7658,0.0631,70.78,15.87,44.46,2.48,6.89,1.32,139.8,76.8,160.0,7.74,4.76,10.52
BARC_P0424,Condado_Sur,39.023357,-76.872448,119,0.7933,0.75,0.057,0.4946,0.8398,0.0356,85.09,25.42,46.74,4.34,6.4,1.33,208.1,62.2,100.7,7.03,8.92,12.6
BARC_P0425,Condado_Norte,39.019754,-76.895975,119,0.747,0.7086,0.0562,0.388,0.7182,0.01,64.34,34.41,54.26,2.47,5.69,1.24,148.9,40.3,122.7,7.75,5.96,9.7
BARC_P0426,Condado_Este,39.037826,-76.887874,121,0.7618,0.7478,0.0633,0.4682,0.8187,0.0172,79.4,19.14,42.64,3.3,6.89,1.29,189.1,69.1,159.4,7.98,7.18,11.39
BARC_P0427,Condado_Sur,39.057904,-76.866997,123,0.8442,0.75,0.0421,0.4981,0.8224,0.2409,77.44,19.75,46.15,2.8,6.26,1.39,176.3,72.2,160.0,7.09,6.7,10.76
BARC_P0428,Condado_Oeste,39.012037,-76.886711,121,0.7969,0.75,0.0555,0.4905,0.8269,0.042,81.11,19.21,50.56,4.14,5.71,1.35,180.2,58.0,112.7,7.5,6.63,11.82
BARC_P0429,Condado_Sur,39.012658,-76.848915,123,0.88,0.75,0.0227,0.3694,0.8704,0.0503,82.44,27.99,34.41,4.25,7.08,1.43,149.4,58.1,160.0,8.0,7.65,11.64
BARC_P0430,Condado_Norte,39.035662,-76.887193,134,0.7245,0.6977,0.0681,0.4266,0.7639,0.01,66.76,26.47,31.31,3.89,7.45,1.36,121.9,92.1,136.1,7.49,4.88,10.16
BARC_P0431,Condado_Norte,39.030228,-76.875956,124,0.8756,0.75,0.0316,0.4762,0.8944,0.01,85.27,23.13,50.42,3.44,6.38,1.32,164.5,57.1,149.9,7.36,6.71,11.5
BARC_P0432,Condado_Este,39.047701,-76.863213,118,0.737,0.7352,0.0776,0.5122,0.7012,0.101,70.81,18.95,51.44,3.02,7.48,1.52,164.6,51.5,135.4,8.27,5.2,10.75
BARC_P0433,Condado_Este,39.028759,-76.905531,120,0.7487,0.684,0.05,0.3482,0.7834,0.0618,74.31,24.51,62.45,2.25,6.45,1.34,141.0,65.3,126.1,7.03,5.46,9.11
BARC_P0434,Condado_Norte,39.014611,-76.911695,128,0.8015,0.75,0.0518,0.4703,0.8012,0.0569,79.22,15.39,49.11,4.75,6.21,1.44,187.9,71.9,160.0,7.15,6.85,11.65
BARC_P0435,Condado_Norte,39.02886,-76.907462,123,0.8293,0.75,0.0456,0.4886,0.8802,0.0223,79.43,24.79,53.74,2.59,6.08,1.32,163.7,71.4,109.4,7.91,7.01,10.59
BARC_P0436,Condado_Este,39.036631,-76.857273,115,0.8257,0.75,0.0507,0.531,0.8458,0.1092,80.24,28.79,46.63,3.73,7.22,1.41,144.8,35.4,158.0,8.31,6.39,10.89
BARC_P0437,Condado_Norte,39.032307,-76.889933,131,0.7448,0.75,0.0763,0.5216,0.7787,0.0147,71.48,17.12,50.08,4.05,6.01,1.42,179.6,57.1,160.0,7.98,6.7,11.55
BARC_P0438,Condado_Oeste,39.027609,-76.833952,127,0.88,0.75,0.02,0.515,0.8665,0.0169,85.3,15.57,59.67,2.76,6.77,1.37,180.3,78.8,147.3,7.67,7.28,10.83
BARC_P0439,Condado_Este,39.036,-76.890156,121,0.707,0.7064,0.0742,0.432,0.7064,0.0494,67.23,32.69,33.13,4.03,6.12,1.16,147.1,68.9,118.6,7.62,5.85,10.29
BARC_P0440,Condado_Norte,39.037539,-76.876678,123,0.7177,0.6912,0.0601,0.3655,0.7217,0.027,71.32,20.64,50.9,3.81,6.17,1.35,195.8,50.2,124.9,8.41,6.48,11.08
BARC_P0441,Condado_Norte,39.040732,-76.852242,125,0.8504,0.75,0.0369,0.4564,0.9004,0.0227,89.89,30.25,62.95,4.58,6.92,1.45,220.0,79.9,94.5,8.32,9.83,13.5
BARC_P0442,Condado_Oeste,39.029731,-76.84389,117,0.8657,0.75,0.0389,0.5401,0.94,0.0829,92.07,23.15,49.97,2.82,6.21,1.39,137.7,76.6,110.9,7.83,5.46,10.47
BARC_P0443,Condado_Sur,39.017493,-76.842893,126,0.751,0.7404,0.0801,0.5636,0.7428,0.0842,71.66,23.11,59.55,2.17,6.2,1.39,160.4,61.4,132.4,7.63,4.94,9.63
BARC_P0444,Condado_Sur,39.022201,-76.858249,117,0.8551,0.75,0.0408,0.5226,0.9128,0.1392,82.72,26.41,43.6,2.8,6.97,1.21,173.4,75.6,91.5,7.82,7.9,11.18
BARC_P0445,Condado_Oeste,39.038098,-76.861567,129,0.8613,0.75,0.0377,0.5058,0.8053,0.0433,76.49,19.14,47.78,3.37,7.2,1.29,220.0,89.0,114.0,7.36,6.71,11.51
BARC_P0446,Condado_Oeste,39.007746,-76.869335,124,0.7493,0.721,0.0721,0.5028,0.7275,0.01,66.98,24.73,48.23,3.25,6.72,1.38,146.7,52.3,158.9,7.71,5.84,10.32
BARC_P0447,Condado_Oeste,39.02553,-76.86599,115,0.7629,0.7295,0.0601,0.4466,0.7493,0.0256,69.81,21.9,32.48,2.89,6.07,1.38,141.5,71.7,116.9,7.51,5.07,10.32
BARC_P0448,Condado_Este,39.0141,-76.889921,128,0.8405,0.75,0.0409,0.4722,0.8131,0.313,75.75,16.74,39.82,1.67,6.14,1.45,141.3,88.8,140.7,7.74,5.12,9.07
BARC_P0449,Condado_Sur,39.020431,-76.894728,134,0.8175,0.75,0.0582,0.5801,0.7821,0.0726,70.38,25.86,40.32,3.58,6.44,1.34,195.5,72.8,131.3,7.53,7.84,12.22
BARC_P0450,Condado_Norte,39.039177,-76.880061,120,0.8289,0.7394,0.0396,0.4234,0.8634,0.099,74.19,22.55,53.75,4.78,6.56,1.38,147.3,55.9,113.8,8.11,6.52,12.06
BARC_P0451,Condado_Este,39.022866,-76.883063,116,0.7794,0.75,0.0715,0.5769,0.7919,0.01,72.56,23.14,54.11,3.57,5.91,1.35,143.7,67.9,116.9,8.29,4.79,10.52
BARC_P0452,Condado_Este,39.020697,-76.888158,122,0.7332,0.7065,0.0709,0.4607,0.7665,0.0584,73.59,17.34,50.27,3.69,6.76,1.27,170.8,81.4,123.3,7.57,6.06,11.35
BARC_P0453,Condado_Sur,38.999602,-76.867465,115,0.7977,0.75,0.063,0.5595,0.8418,0.01,74.58,32.75,53.77,3.66,6.44,1.17,172.7,52.8,79.0,7.31,8.59,11.23
BARC_P0454,Condado_Oeste,39.031194,-76.862805,118,0.735,0.7072,0.0604,0.3956,0.7643,0.0674,72.67,28.82,46.85,3.52,5.54,1.38,191.8,64.6,138.9,8.23,8.11,11.85
BARC_P0455,Condado_Norte,39.029682,-76.878409,118,0.727,0.7426,0.0814,0.5152,0.7701,0.2028,80.76,29.3,56.41,3.95,5.94,1.36,167.3,62.1,117.6,7.91,7.31,11.51
BARC_P0456,Condado_Sur,39.052449,-76.853404,119,0.7759,0.7084,0.055,0.4358,0.7935,0.2764,79.47,22.32,48.06,3.52,6.15,1.3,171.2,57.4,139.6,7.58,6.08,10.86
BARC_P0457,Condado_Norte,39.015383,-76.90055,134,0.8276,0.75,0.0373,0.3951,0.806,0.0622,83.15,14.49,48.41,2.95,6.36,1.22,162.4,67.9,127.8,8.63,6.52,11.44
BARC_P0458,Condado_Sur,39.023287,-76.883486,123,0.7774,0.7282,0.0617,0.4931,0.8345,0.049,80.84,34.74,46.14,2.56,7.34,1.4,132.4,63.8,116.7,7.46,6.26,9.43
BARC_P0459,Condado_Norte,39.023741,-76.892903,127,0.7247,0.732,0.0863,0.5406,0.7241,0.2321,73.46,23.66,52.79,3.0,6.52,1.33,160.0,72.7,124.0,6.6,5.44,9.03
BARC_P0460,Condado_Norte,39.043662,-76.913598,132,0.8304,0.75,0.0398,0.4293,0.8177,0.0896,74.78,19.88,45.05,3.45,5.98,1.39,166.6,78.7,124.0,7.38,6.7,11.26
BARC_P0461,Condado_Norte,39.018571,-76.881488,131,0.7745,0.7162,0.0496,0.3901,0.7882,0.01,72.3,26.29,54.84,2.95,6.51,1.5,153.9,49.7,149.5,8.77,6.36,10.77
BARC_P0462,Condado_Este,39.024185,-76.882191,115,0.7714,0.75,0.0612,0.4745,0.7594,0.0501,61.19,30.42,40.07,3.45,6.22,1.18,125.9,65.8,121.3,7.61,4.93,10.58
BARC_P0463,Condado_Este,39.029118,-76.852758,129,0.7951,0.7483,0.0542,0.4748,0.8005,0.022,80.79,23.87,40.31,3.55,6.56,1.29,136.6,64.4,125.8,7.49,4.84,10.13
BARC_P0464,Condado_Este,39.022799,-76.868645,116,0.8544,0.75,0.0403,0.5129,0.8865,0.0508,90.37,31.03,52.81,3.87,6.69,1.33,164.0,67.4,94.8,7.82,8.05,11.5
BARC_P0465,Condado_Oeste,39.013303,-76.898435,130,0.764,0.75,0.0718,0.537,0.7962,0.0486,73.43,29.96,47.38,4.23,7.0,1.47,188.3,64.8,119.1,8.41,8.19,12.09
BARC_P0466,Condado_Sur,39.022911,-76.846626,134,0.6828,0.7028,0.0898,0.4764,0.6714,0.0698,62.77,18.08,44.82,3.26,6.39,1.22,207.1,53.2,149.1,7.75,6.26,11.45
BARC_P0467,Condado_Sur,39.036104,-76.858021,119,0.8215,0.75,0.0579,0.5913,0.8244,0.0353,75.31,20.29,54.23,2.15,7.22,1.5,160.4,82.5,128.6,8.15,5.54,10.3
BARC_P0468,Condado_Oeste,39.004602,-76.869522,133,0.8451,0.75,0.0414,0.4935,0.9027,0.0144,87.28,29.27,43.75,2.92,6.85,1.36,147.1,87.6,98.4,7.69,6.95,10.62
BARC_P0469,Condado_Norte,39.021995,-76.884077,119,0.8706,0.75,0.0318,0.4592,0.908,0.056,90.76,10.0,46.6,3.24,6.05,1.34,155.7,71.6,100.5,8.16,6.23,11.21
BARC_P0470,Condado_Oeste,39.009498,-76.89727,116,0.7337,0.6697,0.0589,0.3833,0.8264,0.1419,71.53,23.18,57.79,1.73,7.5,1.33,138.8,72.2,105.2,7.91,5.77,8.64
BARC_P0471,Condado_Norte,39.037926,-76.8867,121,0.7329,0.6903,0.0716,0.4642,0.7942,0.0873,77.09,16.13,58.77,4.31,6.56,1.32,184.7,66.6,140.0,7.56,5.87,12.13
BARC_P0472,Condado_Oeste,38.997152,-76.860403,117,0.7619,0.7404,0.0621,0.4598,0.822,0.033,76.98,21.38,59.01,3.31,5.98,1.43,218.4,76.6,137.5,7.95,7.28,12.25
BARC_P0473,Condado_Norte,39.011616,-76.846077,131,0.8145,0.75,0.055,0.5376,0.7859,0.2193,75.12,22.36,46.03,3.51,7.23,1.26,147.7,35.7,70.0,7.47,4.9,11.42
BARC_P0474,Condado_Oeste,39.025658,-76.852222,117,0.8333,0.75,0.0462,0.5077,0.8801,0.1946,85.44,22.03,56.61,4.29,7.44,1.38,135.2,65.0,118.4,6.97,6.37,11.24
BARC_P0475,Condado_Sur,39.043483,-76.888799,127,0.8275,0.75,0.0386,0.4092,0.8457,0.0188,79.59,20.96,41.36,2.7,6.38,1.32,190.2,58.1,123.0,7.79,8.0,11.23
BARC_P0476,Condado_Oeste,39.019014,-76.900153,121,0.7579,0.75,0.0675,0.4903,0.7586,0.01,71.66,17.97,41.65,3.66,6.15,1.29,173.0,66.7,100.8,7.03,5.23,11.08
BARC_P0477,Condado_Norte,39.011672,-76.877464,117,0.7667,0.7357,0.0687,0.5203,0.7926,0.1082,74.44,36.61,31.55,3.11,6.31,1.55,173.4,78.1,112.2,8.16,8.31,10.69
BARC_P0478,Condado_Este,39.048217,-76.911832,129,0.88,0.75,0.0318,0.5717,0.9331,0.1406,92.52,34.27,59.71,3.05,6.76,1.38,204.7,65.2,146.6,7.78,10.12,12.29
BARC_P0479,Condado_Oeste,38.99828,-76.874183,132,0.7424,0.7382,0.0788,0.5333,0.7799,0.275,75.77,17.61,41.95,2.58,7.04,1.4,130.8,60.7,128.2,8.65,4.82,9.87
BARC_P0480,Condado_Sur,38.987018,-76.882657,124,0.7841,0.75,0.0636,0.5257,0.7734,0.1765,74.35,32.7,47.11,4.53,6.69,1.44,130.1,48.2,110.0,7.6,6.5,11.01
BARC_P0481,Condado_Este,39.0266,-76.888389,121,0.7284,0.6938,0.076,0.4836,0.7744,0.0734,68.48,21.8,41.63,2.9,6.45,1.24,161.0,63.7,116.3,7.79,5.93,10.25
BARC_P0482,Condado_Este,39.012469,-76.908705,123,0.8704,0.75,0.0349,0.5033,0.8681,0.0604,80.96,24.71,52.87,3.76,7.15,1.49,166.6,73.1,115.4,6.92,7.43,11.14
BARC_P0483,Condado_Sur,39.004682,-76.870755,119,0.88,0.75,0.0345,0.555,0.9076,0.01,89.82,23.65,45.37,1.7,6.24,1.15,156.1,54.9,125.6,7.14,6.1,9.36
BARC_P0484,Condado_Este,39.030625,-76.889589,134,0.7669,0.717,0.0528,0.4,0.7763,0.0227,73.9,20.37,38.87,4.14,6.92,1.29,220.0,41.0,91.4,6.79,7.54,12.13
BARC_P0485,Condado_Este,39.023657,-76.901059,122,0.7602,0.7092,0.0625,0.459,0.7725,0.0492,76.03,29.41,51.09,4.04,6.26,1.31,157.2,92.3,106.6,8.45,6.88,11.36
BARC_P0486,Condado_Oeste,39.011539,-76.931701,128,0.6821,0.6768,0.0819,0.4336,0.7289,0.0792,76.32,24.69,37.96,3.28,6.62,1.4,151.2,69.0,140.7,7.52,5.16,10.09
BARC_P0487,Condado_Norte,39.000795,-76.880495,118,0.7692,0.7471,0.0656,0.5027,0.7528,0.0652,75.67,21.38,42.14,3.02,6.34,1.37,168.1,62.3,118.5,8.6,6.03,11.02
BARC_P0488,Condado_Sur,39.033087,-76.848099,134,0.8303,0.75,0.0514,0.5538,0.9183,0.1086,87.62,16.82,33.25,3.52,6.37,1.34,189.3,81.7,103.0,6.19,7.41,11.34
BARC_P0489,Condado_Oeste,39.029753,-76.850097,128,0.8363,0.75,0.0396,0.4442,0.7925,0.0263,73.25,19.09,38.03,5.03,6.21,1.35,146.9,66.7,103.8,8.73,5.37,12.02
BARC_P0490,Condado_Oeste,39.018512,-76.888228,126,0.6417,0.6254,0.0735,0.3366,0.6408,0.0666,50.66,14.97,49.25,1.79,7.07,1.27,161.3,81.0,134.4,7.76,4.73,8.55
BARC_P0491,Condado_Sur,39.0477,-76.89084,116,0.8365,0.75,0.0405,0.4553,0.8695,0.01,81.93,24.07,34.25,3.83,6.03,1.23,190.0,80.0,109.6,8.0,8.63,12.07
BARC_P0492,Condado_Este,39.003949,-76.871562,127,0.7414,0.75,0.0794,0.5348,0.7818,0.0427,72.97,17.42,37.63,2.47,6.03,1.41,191.4,49.7,130.2,7.16,6.49,10.12
BARC_P0493,Condado_Norte,38.997117,-76.897971,115,0.8198,0.75,0.0507,0.5123,0.8363,0.111,81.01,22.54,47.98,3.18,7.46,1.41,170.4,70.5,107.5,8.12,6.63,10.75
BARC_P0494,Condado_Norte,39.009621,-76.874568,134,0.7302,0.75,0.0789,0.5057,0.7482,0.0946,70.46,31.54,44.19,3.0,6.89,1.48,220.0,85.7,97.4,7.58,7.37,11.07
BARC_P0495,Condado_Sur,39.019316,-76.866211,121,0.7533,0.7296,0.0652,0.4632,0.7876,0.35,73.54,30.6,61.94,2.86,5.21,1.29,214.5,53.0,124.9,7.08,7.44,11.1
BARC_P0496,Condado_Sur,39.02365,-76.857915,123,0.7679,0.7307,0.0529,0.4033,0.7798,0.026,66.96,23.82,60.84,3.19,6.12,1.41,129.8,53.2,118.1,7.08,4.84,10.25
BARC_P0497,Condado_Este,39.016381,-76.881803,131,0.8308,0.75,0.0472,0.5109,0.8996,0.0552,81.7,23.52,41.92,2.29,5.49,1.33,122.7,55.2,133.7,7.06,5.36,9.46
BARC_P0498,Condado_Norte,39.025281,-76.883666,127,0.7921,0.7135,0.0499,0.4299,0.8414,0.032,81.84,34.34,51.9,4.02,5.92,1.45,184.9,75.7,137.7,8.03,9.26,12.28
BARC_P0499,Condado_Oeste,39.001227,-76.895804,124,0.8173,0.75,0.0614,0.611,0.8679,0.0465,89.31,26.86,53.24,1.76,5.2,1.43,199.1,68.4,112.8,7.42,8.31,10.24
BARC_P0500,Condado_Oeste,39.041656,-76.894884,130,0.8031,0.75,0.0562,0.5142,0.7893,0.1556,74.59,22.2,43.82,3.63,6.33,1.37,159.4,41.8,127.0,6.82,5.95,10.72
BARC_P0501,Condado_Este,39.018768,-76.884077,120,0.8123,0.75,0.0461,0.4452,0.8296,0.0922,80.12,16.16,37.53,2.94,5.83,1.32,152.4,69.1,112.2,8.02,5.75,11.14
BARC_P0502,Condado_Sur,39.036759,-76.873387,130,0.7882,0.75,0.0525,0.4433,0.7977,0.1713,79.59,26.17,47.91,2.26,6.43,1.43,144.5,62.0,132.7,6.5,5.44,9.53
BARC_P0503,Condado_Sur,39.025141,-76.863555,125,0.7882,0.75,0.0562,0.4744,0.773,0.0182,70.2,28.56,46.79,3.36,5.59,1.4,135.8,63.7,124.7,8.6,6.07,10.91
BARC_P0504,Condado_Oeste,39.026851,-76.894457,134,0.88,0.75,0.0231,0.4656,0.9126,0.1653,88.16,20.53,44.95,1.95,6.44,1.3,193.4,55.0,107.5,8.99,8.29,10.99
BARC_P0505,Condado_Este,39.028547,-76.853132,117,0.7968,0.75,0.0619,0.547,0.7979,0.01,72.84,25.6,51.1,3.23,6.19,1.24,155.5,69.2,105.8,7.01,5.6,10.36
BARC_P0506,Condado_Norte,39.026716,-76.88488,123,0.8483,0.75,0.0403,0.4912,0.8913,0.1756,88.13,22.0,42.74,2.06,7.15,1.33,172.5,77.6,125.4,8.43,7.09,10.67
BARC_P0507,Condado_Oeste,39.029641,-76.880385,129,0.8409,0.75,0.0377,0.4361,0.8234,0.0319,78.83,22.99,39.94,3.57,7.11,1.47,119.4,57.3,143.2,8.01,4.59,10.17
BARC_P0508,Condado_Oeste,39.039937,-76.89345,127,0.88,0.75,0.0297,0.5934,0.94,0.0302,90.49,10.32,48.76,2.46,6.79,1.44,190.1,44.8,138.0,7.5,8.12,10.1
BARC_P0509,Condado_Oeste,39.022948,-76.923636,124,0.88,0.75,0.0281,0.483,0.8686,0.0574,79.39,22.78,50.7,2.84,6.24,1.26,179.7,61.4,101.1,7.53,7.28,11.05
BARC_P0510,Condado_Este,39.030635,-76.864087,134,0.8764,0.75,0.0347,0.5261,0.904,0.226,88.71,29.33,39.76,3.44,7.39,1.26,131.4,74.1,103.2,8.19,6.85,11.18
BARC_P0511,Condado_Este,39.018654,-76.866737,127,0.8181,0.75,0.0444,0.4435,0.8658,0.01,90.59,20.53,54.5,2.58,5.62,1.45,171.5,59.9,106.2,7.78,6.77,10.61
BARC_P0512,Condado_Sur,39.041602,-76.885064,131,0.7123,0.7115,0.0843,0.5018,0.7124,0.0347,63.64,24.29,35.61,3.15,5.7,1.26,165.1,47.0,108.1,6.24,4.82,9.61
BARC_P0513,Condado_Oeste,39.009854,-76.878794,121,0.8274,0.75,0.0471,0.4987,0.8772,0.1554,81.97,19.84,43.95,1.99,6.36,1.39,153.7,74.2,83.7,9.04,6.29,10.18
BARC_P0514,Condado_Oeste,39.047014,-76.870713,120,0.7282,0.683,0.0577,0.3666,0.7052,0.0403,67.92,25.98,46.19,3.7,7.53,1.3,92.4,82.0,135.8,8.06,4.5,8.74
BARC_P0515,Condado_Norte,39.019398,-76.908126,127,0.8157,0.75,0.061,0.6009,0.8865,0.0178,87.36,22.81,43.55,4.61,6.3,1.48,148.5,65.2,110.9,7.77,6.36,11.77
BARC_P0516,Condado_Norte,38.998538,-76.889523,131,0.8146,0.75,0.057,0.5574,0.8351,0.0442,77.09,18.83,44.04,5.43,6.31,1.29,172.6,45.7,129.2,7.37,7.39,12.26
BARC_P0517,Condado_Sur,39.021922,-76.865703,129,0.7889,0.75,0.0538,0.4562,0.788,0.039,63.53,31.33,61.1,3.27,5.68,1.44,151.3,61.2,113.7,7.69,6.25,10.23
BARC_P0518,Condado_Oeste,39.009784,-76.902577,118,0.8356,0.75,0.0371,0.4139,0.8451,0.1976,85.72,29.11,42.04,3.83,6.87,1.36,159.5,66.8,119.5,8.56,7.74,11.17
BARC_P0519,Condado_Oeste,39.03261,-76.874716,129,0.7342,0.7401,0.0768,0.5009,0.7825,0.1148,77.38,20.67,65.09,1.78,6.88,1.37,202.4,55.3,106.3,7.96,6.54,9.82
BARC_P0520,Condado_Norte,39.010211,-76.904418,128,0.7105,0.75,0.0821,0.4852,0.7101,0.0563,60.49,26.74,51.06,4.4,6.79,1.19,163.1,72.0,119.4,8.03,6.53,11.13
BARC_P0521,Condado_Este,39.013307,-76.871604,125,0.88,0.75,0.0298,0.5013,0.8738,0.35,80.58,26.96,48.64,3.82,6.09,1.17,112.6,54.1,102.6,7.05,5.9,10.56
BARC_P0522,Condado_Sur,38.991657,-76.880642,118,0.8507,0.75,0.0396,0.4915,0.863,0.0501,88.26,27.53,51.33,2.81,6.05,1.33,160.4,65.3,119.6,7.59,6.4,10.33
BARC_P0523,Condado_Oeste,39.013215,-76.909072,117,0.8189,0.75,0.0508,0.5104,0.7977,0.01,81.58,14.68,65.71,4.19,5.75,1.37,167.5,62.3,149.1,7.83,6.09,11.19
BARC_P0524,Condado_Oeste,38.983642,-76.859035,116,0.8665,0.75,0.0405,0.5668,0.94,0.0243,93.05,29.54,41.04,3.0,6.44,1.26,144.4,72.4,130.4,8.22,6.74,11.15
BARC_P0525,Condado_Oeste,38.996241,-76.893223,134,0.7829,0.75,0.0626,0.5141,0.7831,0.0458,73.69,20.87,40.16,2.83,5.86,1.26,183.4,64.8,125.8,7.55,6.81,10.72
BARC_P0526,Condado_Sur,39.031406,-76.894585,124,0.8088,0.7396,0.0441,0.417,0.8579,0.0137,81.83,22.03,42.72,3.58,5.81,1.39,128.4,62.6,93.6,8.36,5.58,9.89
BARC_P0527,Condado_Sur,39.031787,-76.87639,127,0.7305,0.7332,0.0875,0.5618,0.7579,0.2359,71.47,38.51,48.23,2.35,6.19,1.4,161.6,55.4,131.3,7.11,6.76,10.03
BARC_P0528,Condado_Norte,39.026382,-76.859325,134,0.7763,0.75,0.0729,0.5784,0.7618,0.1165,76.88,25.66,35.92,4.02,6.16,1.34,128.2,65.4,133.3,7.84,5.31,10.7
BARC_P0529,Condado_Norte,39.005495,-76.898285,132,0.8357,0.75,0.0582,0.65,0.8555,0.025,77.77,21.88,48.16,2.36,6.13,1.41,157.6,61.9,125.4,7.74,6.47,10.43
BARC_P0530,Condado_Oeste,39.019284,-76.87889,130,0.7085,0.7226,0.0704,0.4126,0.7559,0.0715,68.59,11.87,59.85,2.36,6.63,1.26,182.7,54.6,124.3,6.89,6.25,9.85
BARC_P0531,Condado_Oeste,39.019946,-76.872281,125,0.7471,0.75,0.0716,0.4946,0.7605,0.1023,76.29,31.64,49.06,2.47,6.44,1.32,161.0,66.9,117.2,7.77,5.96,10.62
BARC_P0532,Condado_Oeste,39.002625,-76.867524,124,0.7682,0.7164,0.0465,0.3551,0.83,0.2268,78.67,16.6,45.95,3.81,6.26,1.48,159.5,69.4,133.0,7.45,6.1,10.95
BARC_P0533,Condado_Oeste,39.042551,-76.876824,123,0.8462,0.75,0.0428,0.5132,0.9019,0.1707,91.2,18.48,43.67,2.71,6.49,1.36,165.7,60.9,147.9,8.65,6.44,10.04
BARC_P0534,Condado_Este,39.03316,-76.886607,126,0.7768,0.75,0.0562,0.4471,0.8289,0.0579,76.06,22.18,54.29,2.12,5.9,1.36,166.9,76.2,126.6,7.55,6.25,9.62
BARC_P0535,Condado_Este,39.016686,-76.894897,133,0.7952,0.75,0.0679,0.5954,0.7991,0.1192,75.7,31.79,42.22,2.72,6.45,1.53,182.3,68.2,100.6,8.01,7.91,10.99
BARC_P0536,Condado_Oeste,39.020403,-76.878449,115,0.7673,0.7318,0.0571,0.4335,0.7495,0.0661,67.51,28.25,60.92,3.17,6.48,1.24,182.5,49.6,102.1,7.06,7.15,10.7
BARC_P0537,Condado_Oeste,39.023126,-76.899299,132,0.8471,0.7393,0.0313,0.3786,0.8456,0.0644,80.36,23.13,61.53,2.26,5.65,1.41,200.5,81.0,134.5,7.94,7.42,10.78
BARC_P0538,Condado_Norte,38.989374,-76.932584,128,0.8263,0.75,0.043,0.4517,0.8532,0.01,75.14,25.7,49.8,2.28,6.9,1.48,169.2,74.2,100.7,7.55,6.65,9.84
BARC_P0539,Condado_Sur,39.016292,-76.872142,115,0.7405,0.7073,0.0539,0.3615,0.7796,0.0108,72.11,20.7,47.92,4.89,5.96,1.32,123.5,77.0,124.0,7.33,5.32,11.09
BARC_P0540,Condado_Norte,39.00977,-76.863729,131,0.8139,0.75,0.0539,0.5251,0.7579,0.0603,66.26,24.77,55.21,2.51,6.45,1.42,186.4,69.8,113.1,9.5,6.67,11.09
BARC_P0541,Condado_Oeste,39.004976,-76.922533,125,0.6161,0.6346,0.0846,0.3561,0.6358,0.0251,63.18,24.4,55.66,2.94,6.98,1.27,198.7,36.9,98.6,7.59,6.01,10.37
BARC_P0542,Condado_Este,39.015783,-76.898175,134,0.8674,0.75,0.0342,0.4817,0.8929,0.01,87.69,29.33,42.36,2.91,6.86,1.3,220.0,78.1,136.6,7.67,8.77,12.01
BARC_P0543,Condado_Norte,39.046965,-76.868855,129,0.7005,0.6621,0.0626,0.3553,0.7108,0.1027,60.6,29.32,44.31,2.86,6.42,1.38,201.3,65.7,134.1,8.34,6.87,11.0
BARC_P0544,Condado_Este,39.029613,-76.842965,118,0.7126,0.75,0.0773,0.4608,0.7778,0.01,79.22,26.72,38.74,3.7,6.22,1.41,152.7,69.2,92.9,7.34,6.01,10.64
BARC_P0545,Condado_Este,39.011432,-76.879626,129,0.7332,0.75,0.0891,0.5786,0.7679,0.0724,82.94,22.01,50.86,3.96,6.87,1.44,169.7,71.5,129.6,8.04,5.78,11.09
BARC_P0546,Condado_Sur,39.028589,-76.893104,128,0.8222,0.75,0.0489,0.5016,0.8881,0.062,84.55,28.08,52.67,2.96,6.74,1.48,158.2,88.2,126.7,8.11,7.0,11.39
BARC_P0547,Condado_Norte,39.04099,-76.883292,115,0.7457,0.7197,0.0624,0.4282,0.7582,0.2774,69.46,23.49,38.55,2.21,6.09,1.34,154.8,58.4,136.7,7.95,5.34,10.43
BARC_P0548,Condado_Este,39.03387,-76.855252,123,0.7654,0.6968,0.0635,0.4781,0.8182,0.053,89.02,18.05,44.81,4.22,6.0,1.45,162.2,58.8,123.3,9.18,5.54,12.66
BARC_P0549,Condado_Sur,39.020894,-76.891627,121,0.785,0.75,0.0579,0.4811,0.8623,0.01,76.64,21.78,38.57,3.12,5.36,1.32,197.1,54.8,148.5,7.32,7.58,11.55
BARC_P0550,Condado_Este,39.010296,-76.894385,125,0.8095,0.75,0.0535,0.5084,0.8754,0.0642,83.24,24.46,41.71,4.58,6.48,1.42,125.3,52.2,117.5,8.72,6.22,11.12
BARC_P0551,Condado_Sur,39.030473,-76.888689,116,0.7322,0.7093,0.0615,0.398,0.7139,0.1472,68.54,29.01,51.86,1.4,6.36,1.37,139.9,52.4,114.6,8.08,4.5,7.98
BARC_P0552,Condado_Oeste,39.025902,-76.89716,116,0.88,0.75,0.02,0.5156,0.8911,0.35,90.04,22.99,42.87,3.36,6.97,1.39,195.5,42.8,100.5,8.35,7.67,11.74
BARC_P0553,Condado_Este,39.033428,-76.877792,120,0.6593,0.6405,0.0652,0.3177,0.6673,0.045,64.83,17.35,45.89,4.73,6.58,1.38,201.3,70.1,101.3,8.0,6.2,12.11
BARC_P0554,Condado_Este,39.029528,-76.850756,133,0.772,0.75,0.0569,0.4422,0.8091,0.0309,74.87,24.31,36.61,2.92,7.07,1.22,148.5,88.9,99.5,8.93,6.03,10.65
BARC_P0555,Condado_Oeste,39.035743,-76.874185,134,0.7943,0.7351,0.0517,0.4507,0.8383,0.1897,75.84,24.62,49.31,3.02,6.05,1.26,206.3,89.6,124.4,7.61,7.91,11.49
BARC_P0556,Condado_Sur,39.011971,-76.884542,128,0.7161,0.741,0.0857,0.518,0.7067,0.017,65.77,25.02,47.69,3.44,6.97,1.36,189.4,54.8,114.6,8.1,6.91,10.68
BARC_P0557,Condado_Norte,39.039761,-76.885253,117,0.8294,0.75,0.0449,0.4814,0.8518,0.0765,76.89,29.06,42.9,2.75,6.14,1.22,158.3,61.7,126.6,8.58,6.54,11.37
BARC_P0558,Condado_Norte,39.022964,-76.908137,121,0.7798,0.7437,0.049,0.3957,0.7291,0.0416,69.46,29.6,46.68,2.95,6.79,1.42,104.1,79.8,95.8,7.46,4.5,9.72
BARC_P0559,Condado_Este,39.051129,-76.864104,121,0.6644,0.6465,0.0849,0.4209,0.7348,0.01,67.55,20.73,49.26,2.93,5.67,1.42,123.3,70.2,102.9,8.4,4.5,9.12
BARC_P0560,Condado_Este,39.009662,-76.881401,118,0.8409,0.75,0.0425,0.4919,0.8429,0.0341,74.1,20.61,42.3,2.7,6.52,1.38,148.5,66.6,102.5,7.79,5.46,9.53
BARC_P0561,Condado_Este,39.046039,-76.883249,119,0.8209,0.7373,0.0467,0.4753,0.8428,0.0247,85.09,18.28,37.67,4.18,5.41,1.26,184.0,61.9,160.0,7.06,6.81,11.69
BARC_P0562,Condado_Norte,39.022969,-76.822524,131,0.788,0.7324,0.0528,0.4453,0.7972,0.0927,73.74,27.84,60.64,3.57,6.27,1.46,184.1,79.1,116.7,6.93,7.16,11.57
BARC_P0563,Condado_Norte,39.010229,-76.874622,118,0.7393,0.7175,0.0676,0.4511,0.7994,0.2377,70.87,31.97,43.57,3.4,6.62,1.51,153.3,52.1,118.7,7.75,7.12,10.66
BARC_P0564,Condado_Norte,39.012742,-76.893532,127,0.7996,0.75,0.0581,0.5218,0.7202,0.025,67.75,22.27,47.32,3.85,6.14,1.36,159.2,70.8,118.5,8.39,5.12,11.26
BARC_P0565,Condado_Sur,39.015195,-76.887674,130,0.853,0.75,0.0356,0.4489,0.8724,0.1335,83.15,22.67,55.08,2.99,5.87,1.39,164.2,69.1,151.1,6.55,6.96,10.22
BARC_P0566,Condado_Este,39.026362,-76.859328,130,0.8198,0.75,0.047,0.4747,0.8361,0.01,72.44,32.07,70.0,2.58,6.82,1.37,159.5,65.5,87.7,7.92,6.74,10.41
BARC_P0567,Condado_Sur,39.027843,-76.877961,116,0.8601,0.75,0.0459,0.6102,0.8642,0.0618,83.43,26.78,39.29,2.72,6.35,1.39,169.1,74.5,118.8,8.34,7.12,11.24
BARC_P0568,Condado_Sur,39.011394,-76.905889,132,0.7599,0.7005,0.0538,0.3946,0.8403,0.01,75.64,26.4,51.15,3.2,6.16,1.34,164.2,65.4,87.5,7.03,6.2,10.71
BARC_P0569,Condado_Oeste,39.019635,-76.863454,115,0.7147,0.6891,0.0614,0.3689,0.7036,0.2175,73.69,17.45,43.05,2.35,6.42,1.35,123.1,58.6,72.4,7.42,4.5,9.04
BARC_P0570,Condado_Sur,39.052134,-76.892027,132,0.7917,0.75,0.0613,0.527,0.8387,0.1163,81.77,27.73,44.23,2.8,7.72,1.42,159.8,66.1,105.3,8.14,6.43,9.92
BARC_P0571,Condado_Sur,39.045913,-76.846281,122,0.8787,0.75,0.0284,0.4393,0.9112,0.0858,84.96,18.89,42.96,2.79,6.98,1.54,164.4,45.9,128.2,8.31,6.67,11.79
BARC_P0572,Condado_Oeste,39.026545,-76.860559,125,0.7332,0.6942,0.071,0.4609,0.7973,0.1389,72.76,17.76,40.12,4.9,6.98,1.24,189.7,72.4,104.0,8.76,6.48,12.19
BARC_P0573,Condado_Sur,39.02057,-76.888052,129,0.761,0.7069,0.0588,0.4331,0.7576,0.0834,71.55,22.09,47.71,1.2,6.62,1.34,144.2,75.4,127.9,7.45,4.56,8.55
BARC_P0574,Condado_Este,39.0218,-76.856942,130,0.7195,0.7219,0.0758,0.4644,0.7138,0.2778,70.26,20.78,37.68,3.06,6.48,1.26,170.1,57.1,122.1,7.31,5.21,10.22
BARC_P0575,Condado_Oeste,39.029203,-76.878779,131,0.8066,0.75,0.0617,0.5759,0.8649,0.1001,82.07,22.78,54.63,4.58,5.2,1.48,179.1,54.3,117.2,8.79,7.71,12.59
BARC_P0576,Condado_Oeste,39.004658,-76.86465,131,0.7615,0.75,0.0715,0.5281,0.7963,0.2069,74.78,16.07,48.39,3.3,6.06,1.3,161.3,57.6,145.3,7.35,6.16,10.96
BARC_P0577,Condado_Norte,39.016139,-76.871275,126,0.7912,0.75,0.062,0.5317,0.7571,0.0582,72.16,29.27,50.96,3.8,6.16,1.23,121.1,64.2,108.1,8.1,5.11,10.19
BARC_P0578,Condado_Oeste,38.994971,-76.895234,124,0.6802,0.7006,0.0752,0.395,0.6813,0.01,62.31,30.2,44.74,3.28,5.46,1.4,190.3,67.6,127.6,9.11,6.84,11.09
BARC_P0579,Condado_Sur,39.025988,-76.891584,134,0.7347,0.6799,0.0628,0.4109,0.7683,0.0601,71.61,13.29,45.43,2.67,5.82,1.49,183.7,84.4,83.9,8.25,7.21,10.18
BARC_P0580,Condado_Norte,39.029708,-76.861461,120,0.7052,0.6636,0.0535,0.3097,0.7545,0.0109,63.34,29.38,50.01,1.41,5.41,1.4,170.7,82.9,122.0,8.27,6.35,9.7
BARC_P0581,Condado_Sur,39.012752,-76.886026,122,0.6577,0.6852,0.0891,0.4314,0.6539,0.0718,66.02,19.54,39.85,3.36,6.38,1.37,166.0,75.0,114.9,8.57,5.29,10.73
BARC_P0582,Condado_Oeste,39.04361,-76.887266,127,0.7744,0.75,0.0683,0.5374,0.6924,0.0527,66.97,28.71,45.49,2.58,6.81,1.38,120.5,66.5,96.4,8.11,4.5,9.51
BARC_P0583,Condado_Sur,39.001614,-76.897192,116,0.7786,0.7272,0.0636,0.511,0.8169,0.078,74.51,23.62,41.98,2.56,6.95,1.46,184.4,53.9,128.0,8.27,6.97,11.11
BARC_P0584,Condado_Sur,38.998034,-76.872375,133,0.8573,0.75,0.0359,0.4667,0.8346,0.01,86.88,24.16,41.77,2.8,6.61,1.28,202.2,85.2,105.2,7.59,7.63,11.94
BARC_P0585,Condado_Este,39.023367,-76.842875,124,0.8613,0.7491,0.0357,0.4787,0.8107,0.0173,77.36,22.98,33.23,4.6,5.92,1.34,137.2,62.0,154.6,8.5,5.69,12.37
BARC_P0586,Condado_Norte,39.035706,-76.899216,118,0.7615,0.7376,0.0594,0.4387,0.6824,0.0541,60.68,30.67,57.38,5.12,5.43,1.31,198.6,68.4,71.3,8.05,9.12,12.7
BARC_P0587,Condado_Norte,39.045259,-76.879564,126,0.7919,0.75,0.0572,0.4923,0.8403,0.2405,83.26,17.18,43.19,3.37,5.52,1.26,193.3,72.5,125.0,6.91,7.51,11.28
BARC_P0588,Condado_Norte,39.013117,-76.85458,132,0.8398,0.75,0.0458,0.526,0.8643,0.0387,83.7,27.34,56.14,2.83,5.77,1.32,136.4,65.7,120.9,7.95,5.06,10.02
BARC_P0589,Condado_Norte,39.03618,-76.881434,121,0.7405,0.6728,0.0571,0.383,0.7526,0.0442,73.07,30.06,55.48,2.26,5.96,1.44,155.1,78.8,114.4,6.5,5.04,9.39
BARC_P0590,Condado_Norte,39.019422,-76.871857,134,0.7267,0.75,0.0788,0.498,0.7953,0.1003,73.85,27.94,39.0,3.57,6.32,1.4,130.1,70.5,109.4,8.23,6.15,10.87
BARC_P0591,Condado_Norte,39.017411,-76.899123,118,0.7824,0.75,0.0654,0.5359,0.8247,0.0741,80.15,36.79,40.38,4.63,5.89,1.4,163.4,76.9,121.4,7.66,8.95,11.65
BARC_P0592,Condado_Este,39.033255,-76.87229,121,0.8463,0.75,0.0379,0.4551,0.9229,0.0284,86.63,21.09,65.92,3.0,6.57,1.36,176.2,70.4,141.2,8.94,6.59,11.91
BARC_P0593,Condado_Norte,39.029785,-76.883369,124,0.8146,0.75,0.0533,0.522,0.7859,0.0423,76.88,29.27,60.26,1.3,6.28,1.39,132.0,64.5,86.6,8.09,4.57,9.12
BARC_P0594,Condado_Sur,38.996354,-76.862257,129,0.8759,0.75,0.0429,0.6489,0.8947,0.0196,77.38,23.42,47.78,3.74,6.41,1.29,174.6,65.9,103.9,8.35,6.82,11.47
BARC_P0595,Condado_Oeste,39.042148,-76.858627,126,0.8119,0.75,0.0492,0.4737,0.7753,0.2706,71.92,30.78,49.8,3.99,6.97,1.33,181.0,64.3,99.0,7.17,8.35,11.48
BARC_P0596,Condado_Sur,39.040701,-76.833388,115,0.8233,0.75,0.0488,0.5036,0.8353,0.0112,86.24,23.96,43.58,1.93,5.81,1.37,181.3,49.6,98.1,8.21,6.3,10.29
BARC_P0597,Condado_Este,39.010617,-76.869567,134,0.8021,0.75,0.0478,0.4357,0.8134,0.0372,74.21,21.87,51.03,3.34,6.61,1.37,176.4,53.0,126.9,7.42,6.13,11.02
BARC_P0598,Condado_Norte,39.025937,-76.874136,132,0.8627,0.75,0.0362,0.4909,0.9047,0.01,83.53,31.18,42.98,3.56,6.39,1.38,134.3,73.9,131.8,8.45,6.66,10.74
BARC_P0599,Condado_Norte,39.02741,-76.876501,130,0.8106,0.75,0.0531,0.5076,0.8322,0.0201,77.27,21.3,33.77,3.14,6.23,1.34,162.0,49.9,141.3,7.13,6.6,9.87
BARC_P0600,Condado_Norte,39.02391,-76.886357,119,0.8269,0.75,0.0466,0.4917,0.8687,0.1213,77.67,16.23,38.75,2.57,6.84,1.32,173.8,60.1,132.1,7.87,6.94,10.4
